source_id,ra,dec,pmra,pmdec,radial_velocity,parallax,phot_g_mean_mag,phot_bp_mean_mag,phot_rp_mean_mag
2517397846786452224,36.56807202773774,6.292334721463185,88.02996144166288,-50.51529952187623,3.7965488341009497,20.406516486695697,6.677606,6.9083934,6.368092
3306016372760404992,66.18384829595526,10.771998763354222,102.77752982782641,-10.22071926805774,40.54637204629489,20.45847960065399,12.990063,14.321095,11.858264
3306830943374154240,66.42257300304709,11.503362083885571,-36.16953512445178,40.13795950855819,8.196660644692972,20.46225687046978,11.046045,11.845998,10.196651
3217926318641381760,86.86597197587558,-1.544524079661335,70.92154499011576,39.7240122228314,41.01716875785324,20.462725446546358,12.705564,13.832469,11.668854
58914826609245440,47.00671404285338,18.296745420939857,-145.32944730866708,43.47239759629029,-11.681961496731478,20.463860142772095,8.799637,9.260597,8.22732
3450631808564722304,90.73029763074602,32.63478550491068,80.63860548129269,-211.79373276903422,32.08620675249418,20.472022926066966,6.113064,6.366451,5.776545
36502278510879616,56.8465787416759,11.47815789632705,52.415444820858276,236.43218030424507,-2.564039507221697,20.474998105439845,10.671441,11.391367,9.875692
49231668222673920,65.38235449201038,21.03972209883634,104.88428592243486,-36.05202515082711,36.48370367637955,20.485601852067987,6.670779,6.9138737,6.3304005
105850121845012608,33.9524753307941,24.98022927899785,-88.46428701495792,-90.20517255452597,-49.56362637382661,20.489629703658274,11.784989,12.693047,10.5914
3407125061166084608,76.90609665327453,17.85803015004455,-72.06192888238407,27.133005476115315,17.427211867804544,20.506085036676073,11.664824,12.580382,10.742096
22338644598132096,41.0893497836115,10.961170804431404,67.38460492049438,-56.03596445587573,4.380074188372163,20.506635391976115,10.306774,11.300304,9.335908
2502110889948844032,38.536126902003765,1.1052414287944545,-23.514835474327892,47.15105454740795,1.988260652145735,20.507826113701977,9.439256,9.937744,8.809155
3304849176745102080,60.29640380062446,12.098369940023884,89.60665862323827,0.5157022119152526,38.68408992151719,20.513083280832937,11.322896,12.2279415,10.42238
3311024789960504576,65.39544210986372,14.409706546064516,104.13093777731896,-19.511894201901026,39.02481865137145,20.51987931160925,6.48186,6.7146454,6.1613097
3394271667157948160,80.86059070742297,16.98083539155454,18.415447616708914,-172.11723531853917,27.098508854830897,20.531062359391377,7.9502225,8.277411,7.5037575
42716408993806080,53.14433967636533,16.153264410142047,141.08230746562327,-14.692246377918,32.81287130163902,20.53385231361222,12.9808,14.521427,11.777713
3387381405743489920,80.01889131475383,11.590660533189448,-43.875136267447346,-30.051642816257537,-13.148104162021713,20.54160296732834,11.651452,12.640786,10.692887
22269508511466624,41.48221325830884,10.666533210144252,247.14734538926996,-100.39295375620942,18.57534747083807,20.541828519310588,11.902026,12.964483,10.898244
3274414553152173952,52.97042191709217,3.357506068065245,-45.44781667275011,-213.56103524742997,-8.341013684723737,20.54670020534717,12.334615,13.610326,11.225958
3313259169388356608,68.40863659424868,16.762389765759902,97.96006477130072,-25.505272466721184,40.27001901445682,20.55769802307952,9.152518,9.623272,8.55924
3301922551670040064,60.93859918830096,9.502097782742641,-62.545700510763325,-55.56214546381116,26.697908983972013,20.561007668518208,10.6901455,11.399421,9.90191
157350701032081792,75.17468112509924,30.896499021772144,-74.84933966900759,-98.10070927901063,23.39351316527436,20.562267959797065,10.415283,11.126905,9.630487
3323536751251359104,89.8521053261745,8.669568685415888,-29.777453747791256,-2.1500375708660244,-10.135433642644822,20.56790875140826,11.5960865,12.600397,10.645275
3295940658659159936,71.92491644927587,12.233959002582907,27.664564907139997,-38.75167503071889,32.27903689530507,20.576126834836383,10.02705,10.612158,9.333751
5850333867750784,41.33741195436365,4.711456110144893,69.63027827801398,-40.8354674158933,23.16190317381836,20.583572113747564,5.963036,6.1400414,5.714676
3405113740864365440,72.38424228250187,15.888633127327658,86.73038996233683,-25.497716218020297,41.36836507560733,20.58695091831179,7.58252,7.8946714,7.1571903
145056030728993280,67.69135093467688,22.145449207720088,-28.14435190721491,-181.46553282605498,-17.088175947001954,20.590141307651088,11.294382,12.203636,10.404125
146789960565014528,70.37755271810192,23.39911249708639,167.60962798594937,-164.74612903691443,-58.11634946734264,20.595806242508992,11.348785,12.24259,10.44269
3227308623164447616,76.02628713789258,-0.6496753134790254,60.65379309417809,-143.78139612101126,-40.725864519630605,20.607548957524106,8.409934,8.79492,7.8977695
82716092254529280,37.50735630100889,17.781998415671026,23.14482858468287,26.6664175664511,-2.8698212484090106,20.61371131765009,11.563841,12.75842,10.482757
18510969743939072,39.12960185747917,6.453713677624942,85.05988997630952,-122.20032415849451,76.13466136994336,20.620775561352666,13.845893,15.135125,12.726634
3263955178211141248,54.74513700936453,0.7964416543833045,57.59122716992885,-23.711587923198813,-38.44094885208311,20.622854393618987,8.4613695,8.861804,7.9278646
147665584137560448,69.46703809885867,24.44072158855179,-6.129420190424284,-227.66912169427917,-53.009474366205275,20.62591971093598,11.231531,12.141118,10.33019
48061409893621248,67.1555375920541,19.740525157828195,102.97863758261599,-38.20152110922564,40.2288729565351,20.627049336082834,8.430403,8.822614,7.914545
47541100375011968,65.38495322490863,18.41744468199816,110.55526279504097,-32.28391122797374,38.458678614133795,20.64269164472822,6.683846,6.9300814,6.3378963
145293181643038336,66.57755528169878,21.470267339799133,103.24416919381181,-38.40750707603355,35.697236733184916,20.670014485817077,7.2235975,7.5159864,6.8228498
3309493715722074880,69.38372566683248,15.146381157160157,108.38357119826135,-23.178760959697808,41.80386947464673,20.690573420527173,7.398631,7.706775,6.911387
3282171749421655168,69.493087960664,4.669807909747311,95.45883305660759,9.033382742574833,41.12488839435383,20.69410946907971,10.897769,11.727505,10.035959
3405297324946333440,74.79341149176271,16.071517799075856,72.70340859988369,-41.20388279956407,41.333556411649795,20.707649862854883,9.728529,10.278839,9.064534
26101272172092160,39.16186355126142,12.207773992645137,240.83480433438746,-64.40392352616962,20.863484714563143,20.71090894482275,11.097939,11.954516,10.214865
3420478114488481664,76.09019165367484,27.12310536446701,21.405172720248157,-155.95446710515597,-17.77545128199214,20.72361447152008,9.5360365,10.037498,8.908668
42768532716776704,53.23960908714198,16.598015264495363,-24.342456081720776,-96.00688033112905,-6.1934621436732975,20.72460485559678,6.902252,7.170004,6.529534
3239798461074336512,75.86021043630252,5.0960471408156405,-186.31761303696754,-183.9938925494853,-65.10858299954432,20.728653129661364,11.818037,12.756862,10.879003
123422035644448384,47.919424420064956,31.255841766855436,227.41222367246434,-106.77912549533175,-24.73672792415357,20.729689977692242,10.077686,10.760805,9.301913
3429666527007796352,90.71927368799501,25.883969160751523,24.51347265330509,-72.56306594044715,-22.867083187341308,20.73233264645814,7.793982,8.046867,7.393719
169837373550914944,62.68135231134802,32.93433395407806,144.35459250551742,-82.68370508660864,47.79993383655328,20.742975348224554,11.378322,12.309038,10.468291
3312892757136810880,67.24950076279652,16.158972578365546,117.10995177112808,-22.737182170017597,42.16964038915245,20.744243003843074,6.431078,6.7274337,6.022114
3310702770492165120,64.8344979862436,14.31635042216714,107.99251303390842,-17.78588859614475,38.44631698728643,20.752886601231143,11.991074,13.0687895,10.975688
3405909374965722368,72.12805479536487,16.38840366232641,86.62158347431237,-30.420241273708676,41.49812980608419,20.75351342667197,11.648766,12.663389,10.679278
3406786445943961088,71.90694558759326,18.258583061721268,84.65342739237693,-38.326308027162995,43.58190496659534,20.75608284243989,8.3399315,8.723396,7.828895
3307844864893938304,67.0189265070564,13.867856798752586,102.177490110934,-19.14216352668257,40.37882902777672,20.761288527507038,8.831254,9.264649,8.264827
37637077589965184,55.08506398996033,12.714051301943215,32.02679504550772,-118.24777209513131,6.97834272924162,20.765525938537344,12.667302,13.803395,11.62155
3280777980994383744,68.12630402340966,4.138604376496936,45.44192084672889,-170.49809373556704,-37.69877023858023,20.766416375669877,12.185694,13.275172,11.076857
3239798461074336640,75.85878064156444,5.09631733799408,-181.6510932905395,-188.67356745753307,-63.8710144715883,20.76690272627992,11.686026,12.600933,10.759419
151222018921543424,67.16627927843417,26.219920543140752,69.34456614291892,-38.16732813067492,-17.689818462430672,20.779330495905395,10.356751,11.211705,9.473297
3307645131734449408,66.72688873527062,13.138105412501822,104.47952004181312,-16.58412644208077,39.82296701142941,20.779336454718795,10.083732,10.737777,9.348179
3280777976698520448,68.12702140965621,4.13878193203532,43.45684507185614,-170.54079730698268,-38.45841085468609,20.786215718912846,10.730202,11.54233,9.869936
3406380176397016576,71.70646971790016,17.74819439908604,86.67446241962972,-32.39786073287587,41.79127980178423,20.79465080348742,9.277067,9.817505,8.620867
70813844527285632,57.400210910114936,27.616630571588953,2.5876246283703708,-101.46964545322037,30.76512004542509,20.799648704083182,11.216316,12.092295,10.340635
3309541170817293824,68.66687546187458,15.208969866756261,103.56239081497505,-35.76095561277505,44.68143018846359,20.80159742744848,11.546209,12.602838,10.514241
50327297200978176,60.91322643988814,19.454868918205484,121.84414247723866,-33.26433623984206,35.72073762226201,20.81680332749916,9.774549,10.364079,9.085566
3311492803955469696,63.79387786396172,14.398376403602475,114.7122766596854,-18.34469250421467,37.622396942690926,20.827641961909254,10.930037,11.774728,10.058865
57833147687987200,51.182055580224,19.88224729951253,461.73664652973605,-240.5361544188111,41.95674028411109,20.829561871609304,13.100457,14.105555,12.110712
36110577493459968,56.165573810338444,10.1769513836086,170.07304675886326,-230.66007431568718,6.356928681368373,20.84165509251948,8.436968,8.809195,7.933618
69027275567598720,51.760578938656096,24.851116754647954,20.0452321854737,-128.00597804026387,9.19759605649898,20.841913040426434,12.599245,13.631294,11.602124
180186934769703936,79.04324041908463,30.585071657978936,-112.60426820134705,-71.91299565930254,7.517331862074865,20.841979839048044,10.869081,11.672523,10.021699
3236441892590973568,83.33942512118473,4.10001725144537,144.0504724601157,-33.2847890926155,2.88209398285011,20.860286169422913,10.055612,10.846787,9.210196
3300725905060807936,65.6256319874343,10.434598297722953,108.03729550892969,-5.908809471130248,39.4622928997167,20.879692500372403,11.837524,12.90465,10.832858
3311179340063437952,66.52006217338075,15.041288135214499,101.39912549182282,-22.626074743969,39.098860553219026,20.895477790082012,11.466524,12.425738,10.517928
47813500084423296,64.35531346502113,19.02977997098123,112.75037741091658,-29.957522306318957,38.02877173950534,20.895614329070764,10.348603,11.051074,9.570608
3308896238528440448,71.89761966280038,14.888980915609421,87.24069486345168,-24.278048772622498,41.612479280963015,20.904929921777498,10.928127,11.761789,10.062823
109051246870008448,45.80720286920749,22.369997276085886,26.209157205035886,38.42754312111853,-2.6449628672623255,20.906977953242755,10.408258,11.100131,9.641476
3284145132275338496,66.48932506984217,5.150165130002908,96.00872491452314,4.581977306411209,30.019713133515285,20.9088417812094,7.2080383,7.4908814,6.8167887
3410453484725565312,68.42515255188813,19.01388862485241,100.31371378865708,-33.80792170565856,40.165521314514784,20.922137633097442,10.269279,10.958457,9.502004
3312709379213017728,66.90001675705912,15.589088761900785,104.99179772386444,-24.068642004953233,39.394460726317526,20.92477767028886,7.2737737,7.56749,6.867645
137710464124845312,47.49522951876962,34.521375396976325,-21.42995669180883,-6.543066555865401,4.520572338287451,20.92729832599573,12.517606,13.698764,11.455922
3401246178651454976,83.27850397349579,20.034263081545788,-93.5657981717832,-281.465520065806,-1.5181960068670506,20.944600073435478,8.770468,9.236228,8.189925
135598237864814720,45.26334932305753,32.312852534350185,-44.50018789629003,-124.58117995168737,-92.56525905386445,20.946878079805266,9.113779,9.579039,8.520255
161206963187953280,72.81930281464783,32.88845989191472,-75.32748184888287,-263.0519523010743,-4.323586958413589,20.95353770949224,9.0129175,9.470441,8.4306135
29720761371785216,47.6815576517094,13.643193800393473,155.65855208554024,-6.377067405592658,30.600875535985267,20.976082921476138,12.562944,13.82304,11.461107
3389663373408271872,83.71478837834154,13.95586373032419,-52.52418025722622,213.41455050836774,57.88598954718462,20.98438072836071,10.948572,11.715337,10.129312
162781051522771200,62.80163748151753,26.495351718418814,58.02972721014801,-193.65331884338082,16.107639227882764,20.986537475758716,10.258131,10.913974,9.515299
41934381346979968,52.77235683104548,14.932199595294389,87.65573803153055,-50.2257007548856,15.904519906406172,20.997095892937235,10.895097,11.752132,10.020865
154257259425702144,71.92471200092822,26.149867387117535,113.23449630612403,-83.79024359111622,39.4104878128598,21.003015728912086,10.151809,10.825943,9.394004
3312425769635942656,67.5138090928648,14.903577845041712,-18.429475601992618,-36.47081943459001,-21.257931752762236,21.019230291579213,11.690509,12.6424,10.753604
3232471418664693376,72.00262846638184,1.5254796066129208,104.91851081352493,171.41490169497507,71.53198191185822,21.0225159034558,11.200931,12.049545,10.34373
45367056650753280,61.5677309153752,15.698035581492242,118.91204778598131,-19.77565054311868,37.54540443431114,21.025661670179822,7.6933208,8.015052,7.2529035
3342188140652610432,89.4806616410955,11.467349782324554,-29.093851195798294,-54.52329066966545,13.872171823368372,21.03386695765463,12.733823,14.039653,11.621935
158972343242510080,69.4808440922232,29.87841004037747,-94.01586241002498,-87.56953836984178,-50.95029970468708,21.038303752208694,13.260505,14.410413,12.096469
53942250914697472,62.151440472431105,23.768424735711847,119.62857325726392,-43.26938475117954,36.04557053062061,21.04548296917407,9.189675,9.671883,8.580086
3447629248467654784,84.25486603068727,30.928843754694373,90.85303381405961,-80.96186079805028,-40.95882056031192,21.072446365921643,12.756053,13.94571,11.698613
3310640648085373824,64.44920908980205,13.661707173013749,109.25310072146814,-16.849553947680292,38.04974232290917,21.074309101023143,11.770251,12.812274,10.727225
3404812685132622592,72.64129926370455,15.083346433101063,85.04052544256626,-20.204478150387043,41.14146677659825,21.075046104180473,7.555648,7.942994,7.04433
56092345901034880,49.58288719671797,18.171176143740077,-83.13137805424708,-103.83586652412595,-80.20253124904299,21.095653208924855,7.3596573,7.7022977,6.902937
162781051522771072,62.79882228064917,26.497054374959326,59.47704151401003,-192.25866781117395,15.942569649507321,21.125158089758767,10.269859,10.925362,9.525063
3304412601908736512,63.61406676319081,12.435258318524122,114.79535345147688,-13.082494339779695,38.31881345430109,21.130521340565494,7.8784366,8.220196,7.4140205
50298125783225088,61.35751774012489,19.44201115852477,122.0638010748072,-32.656174104694685,37.57343283945246,21.14350053934295,10.833858,11.653789,9.98305
10584899657116672,49.36066555058171,7.6557838098048325,166.36024670430044,-6.236668319395192,31.354345733688497,21.147045522925048,7.2513304,7.559496,6.8340764
10608573516849536,49.387317176338605,7.690127111609939,168.74883868976448,-6.313831120254596,31.896298777398272,21.155697818292484,7.6029763,7.9369235,7.162157
3295883999449691264,70.3702912709412,12.009282821143062,95.02785437409666,-13.956320092164322,41.41296317078711,21.1739846463297,12.023157,13.14035,10.989732
20892851231718784,43.92519793103964,9.12236725691078,-0.17607536955209585,2.0228467040149414,8.836674769335664,21.198185586125106,12.694105,13.885095,11.624983
46975436002187136,62.67706325492011,18.42312084704138,121.36472109310765,-30.92866597447213,37.83549462977855,21.20764849496003,6.4867163,6.722688,6.157047
2497893575661497856,43.38096407511546,-0.568999795938267,95.27810498388084,-27.050676748010105,23.76764548697031,21.239270894834497,8.937681,9.365513,8.389342
65360679169452032,59.12052817574144,22.673401479879114,176.82847821832934,-231.52706331655702,39.685691230026606,21.25441896682515,7.667437,8.033276,7.1783834
49005581144118784,64.74207749187468,19.9065439120542,112.93837099506229,-36.62517868500685,38.490018749027314,21.261970037967217,8.414933,8.805397,7.8986874
3314212068010812032,67.37694124452663,17.863027077910992,106.26141571372487,-32.12870109600761,39.679529092685584,21.2748381398927,6.7800336,7.034937,6.4244146
3306007129990778368,66.70153660907222,10.871043215943404,96.52450658125207,-11.97106426165347,42.77153747853659,21.280639401128813,9.084318,9.669312,8.39023
3312644885984344704,68.24816281283253,15.818858302095158,100.38587243420744,-25.531130566368546,40.66786685386839,21.289864328460556,8.4688225,8.861031,7.9487066
47345009348203392,64.78387715273041,17.52463436883315,113.00135140371246,-28.05326382474864,37.84735335840655,21.294385044870374,8.270035,8.6483555,7.7627068
172846324559990272,67.42073502825022,33.14920211577428,-18.68219466021982,6.75448117774863,-6.215811975059241,21.302170301939103,9.488566,10.002539,8.85204
3312751229374292864,66.45569612763943,15.521153937887986,119.84721026632418,-9.433094584480552,65.3258614786904,21.308146328882845,11.374796,12.405245,10.421682
3312136499294830848,63.943368242641874,15.400603406439703,115.65889500894377,-21.55680470640376,41.04966624054254,21.31572760256228,6.203033,6.4273896,5.8899236
3314063908819076352,66.35477640826697,17.915214419248816,109.62562618078104,-31.42424122204236,38.48521765981148,21.31696607384222,10.607862,11.382038,9.776768
62670998849127552,51.70972198768458,23.258126924944726,-39.7895687720857,-75.22565958923592,28.535680073331907,21.319434289704162,9.535162,10.036161,8.914521
3274130814728561792,53.591187309366475,2.685656224433418,-0.717709263383236,-3.802379830051056,19.151972425086367,21.32132494076496,10.3843775,11.076224,9.61216
3240424426786618624,78.50779516202762,5.382293311570555,0.5233494512516431,10.21641257160547,82.99758596335911,21.32690497831263,11.38445,12.403658,10.418857
8367803179074816,44.031459123048066,7.922354739870897,186.04729321090912,-44.03915103705479,34.94833441428429,21.338648012946855,9.61729,10.163047,8.959523
83065217260472320,38.715837522034256,18.06141062422928,112.9125498543803,-45.89832649587461,31.21243518718846,21.34000292342711,11.9014435,13.018652,10.870776
3332911492327546368,85.0074275513302,6.059511628179045,52.466274830955285,-247.2554473895356,-21.80672814577483,21.344967098709745,8.461918,8.896188,7.9186263
167805407345465472,58.29544724312322,29.255669206333092,62.10564373088884,-154.86856069976182,44.76736358922622,21.376181481996873,11.706894,12.643526,10.775767
3236763808980278144,82.19691651653088,4.797185447702285,43.05440198848336,297.66689085939095,56.88684712551358,21.38373627939296,8.896218,9.312751,8.352491
3347257335931330304,88.24985779258876,15.171328699358932,177.56340537159363,101.50276536472079,14.65615334998289,21.391539384920744,9.956948,10.585758,9.235306
3418673261856511744,75.73920913207508,23.563639252368752,16.559531067865002,-58.02301099444297,-6.461021493707836,21.392856171580267,12.0512905,13.122258,11.043185
3314079508140198528,66.07108444189181,18.002788452502564,110.91624454781004,-30.795505633484456,39.44363317489129,21.403400079114224,9.645082,10.221438,8.963739
3310919202484088832,67.09796084137697,14.740891127798706,98.2217472880991,-12.126402560000404,43.579505399045885,21.419116187981494,5.80953,5.9974837,5.5409756
43802039287826432,57.59621037587903,17.475287317219035,113.21524627747621,-251.03297693304032,-9.17605270278569,21.4202742808098,7.334764,7.686518,6.868489
3314109916508904064,67.2017334200264,17.285345827845028,108.76248918780423,-28.460478332492748,39.032410296066985,21.431024534860214,7.685845,8.015856,7.2420945
3301334793985419904,60.0734613176805,8.358131120394734,-74.17719878111588,-202.38923626033656,-17.940050991674614,21.43812803004185,12.814512,14.140096,11.689877
48987748439909632,64.95472326443384,19.738626831233123,14.984790764175752,11.635552000126086,9.31643584741026,21.458302225580617,12.816149,13.327055,12.123572
3311148828615843328,65.88520823022283,14.670400927721095,109.35191271212835,-17.980701291779575,39.31727655729007,21.465177264931558,8.877489,9.3283205,8.30462
108714388290877056,46.84111830168678,21.543806060712953,21.00414854428201,46.65751857755855,31.644766875541258,21.470111834302916,13.249624,14.44427,12.172111
45567511362945152,61.93054507638944,16.518682599418735,122.3995525720349,-24.99596963619981,37.645638174602986,21.476408315403912,9.598963,10.155141,8.933661
3422227128251318912,78.86877385808316,27.88897388650343,166.57018876563905,72.50645013343883,-69.79934448470814,21.48451954422027,13.811148,15.193906,12.662684
137396042455138048,48.21374079949407,33.280509442702204,-21.12249369844784,18.42712313982942,-1.6758550098365141,21.497030793577746,13.072067,14.225941,12.018412
3305871825637254912,67.73866598829885,10.751720456152478,103.09818942629063,-10.911628916959529,40.21364833022473,21.515548031894955,6.904549,7.166903,6.5360208
3304337251002413952,62.111640140105386,12.191799140816341,119.43326079313606,-10.943105725918473,37.56894019008821,21.53175870640924,10.702558,11.506843,9.856284
125820586283986816,49.91812798311009,33.596259731297344,402.1909982667093,-558.5094130695621,-104.32444150307397,21.546204732732345,9.414283,9.8997965,8.789387
3309967059774839808,69.17010273981005,15.86920936668838,99.32942668642447,-33.79581029413664,43.49405061722787,21.550600835990853,6.517978,6.7700367,6.172935
3214911358975410560,77.9028258999562,-1.8555890150021348,-87.64534800549728,19.101912363768584,28.203970087288255,21.56060323170835,9.223922,9.722738,8.610272
2514975687094684928,34.31210906379747,4.016624675584222,82.60480338804311,21.433309211030338,-5.396407969537936,21.574314915704996,10.207647,10.860243,9.465085
3312575685471393664,68.64757642161557,15.50450754424306,100.86662706726388,-26.860635017063636,40.261661567348696,21.576473558984336,7.7725115,8.110109,7.31696
122070087313451392,48.33335831352552,29.34741028849028,-3.090115366014471,-11.175174907461413,-54.66578146069958,21.582435268496365,12.381424,11.539122,10.780548
3395995770110735616,83.70601049677542,15.139103065015235,35.49850104408933,-72.78722725174637,2.6823346991678196,21.5960436220379,10.463161,11.1960745,9.660952
48203487411427456,65.0545500934205,19.23332589281751,114.52073262181396,-35.47827084534282,38.362153977910666,21.599155847121597,7.3117757,7.6127462,6.891918
3220137750059767680,82.02666008323314,-1.6698386273085477,-28.08781777722103,-62.134798599918696,-41.15562999954436,21.61027211479015,7.1694484,7.456829,6.7757506
144171233106399104,67.81588084563514,20.13300003164058,106.43590778931615,-39.32449986799255,39.764792096211174,21.618673249330648,8.393869,8.785435,7.8749175
3348584309027024896,90.89476433196543,15.525116158896862,-67.17462533239214,-12.47352237003808,41.52400067953636,21.629866716645086,10.265823,11.12414,9.379418
3342585373587633664,91.07243978131292,12.294306935211495,34.84360712908536,-122.6271177674323,-65.77505723125304,21.63204534457029,10.602752,11.421664,9.739331
3346799805954385536,89.00058703437846,13.941159723828386,-55.42267584139664,12.282155074883269,-7.3782825326291395,21.642298462943966,8.289732,8.630709,7.8144746
3256426650298199424,58.742086543261024,-1.262980176032664,5.7464896691827185,62.2522130509305,22.783500333159687,21.645430977056602,8.663497,9.059854,8.024194
3312445973164237568,67.93264049619303,15.041010713181224,107.40630331703075,-2.469967522400699,40.40740386716726,21.663101644960815,11.451049,12.489045,10.463977
3313662896312488192,66.11853471239752,16.88605747548705,112.13477588420014,-25.50743704681829,37.70532863969025,21.66569209161861,7.6564097,7.9800057,7.199571
3241295308714904960,79.42074829393913,7.3527156443054915,-0.8111791651279852,-146.9973448440825,-79.04146022254488,21.667531547091595,7.1494656,7.5005937,6.68411
146989143968434688,71.79107518435613,24.01981894324052,92.104879951248,-52.64445861394607,39.2989709704912,21.66910792279903,11.50622,12.51281,10.544149
3346799805954387328,89.00217931021655,13.93462552635034,-53.66720287900772,11.769942868431162,-7.948858220514651,21.670672619357404,11.095117,11.899769,10.245286
3310569798304869888,64.69650096561314,13.366234498431917,116.32491504196427,-17.43746549091786,38.87558415142323,21.675284049144707,11.270179,12.226091,10.343248
53725750202606208,62.16786365223321,23.557132007905263,123.32366076909531,-42.067261308444785,37.754240243206425,21.699085550157875,12.558902,13.633654,11.196775
3312899491645515776,67.37957012440589,16.244695218729277,104.17871294542434,-21.07157054596573,39.41134358783126,21.699981900403753,9.927285,10.572618,9.188471
3313653894061044224,65.99689378564811,16.721469078289186,108.94103717970026,-24.505147071353065,39.107080179083525,21.71019816857066,11.728009,12.787552,10.737276
38354680725946240,58.75658414086355,12.485542172745534,131.22755546009682,-10.229084028982733,36.315980909971415,21.72182299425588,9.766113,10.363303,9.067604
168966521686063360,61.817612566084435,30.64858458392331,86.41407378912979,14.838927381086672,-15.131305083470398,21.722092526462564,11.495207,12.373546,10.597343
9877806305711744,51.11909239691645,6.984885090788573,-28.799082386011754,-30.603118965779874,0.5400709227421636,21.73102418769203,9.909726,10.514961,9.209018
6346041813693824,43.165720005272505,5.715989037543095,-77.65983762207625,-299.36271443419827,52.57907984990726,21.742263664050437,9.959974,10.557404,9.257162
3313778207594395392,66.81981669424533,17.24171572182765,107.68473717762664,-31.491815174650075,40.369513075724385,21.743721080137597,12.143844,13.300845,11.090819
27998037104755968,45.69484833606592,12.354088784316863,193.43711786960415,14.979100833848692,24.785925861594944,21.746433187340177,9.8341,10.447911,9.123746
3220356793391858560,80.79377587680744,-1.6976270423569586,60.39886036585521,32.63169051180646,43.8135514849069,21.75528806420523,11.714352,12.748367,10.726096
3313689422030650496,66.66765704827857,16.74677694365919,107.63527635547423,-31.43138419809601,38.401630327484924,21.765215271986055,7.9409018,8.296081,7.466574
3335618562971919616,88.56413084451869,9.532278712908182,-38.36297077504338,-15.218897905575988,36.932789655452325,21.767542900597068,10.071931,10.86863,9.228946
3406216383523959936,70.81583613516855,17.06898816693786,89.50504754223655,-45.11193222350599,44.193631514827345,21.771985455105835,9.511652,10.065489,8.84617
3445867654751751168,83.49858027020692,29.359911928806042,153.20873400938993,-349.4001490681874,-89.88274952309648,21.791511243128085,11.8036175,12.8010845,10.829507
3336077299839780096,86.19257338951492,8.75006055747765,41.75394984522393,144.50583634856653,42.99989550757362,21.799102910264004,13.157942,14.221028,12.017
64266768177592448,54.39637332383437,21.343063348786636,136.8704665139047,-27.21371531557885,31.47295921675185,21.7991075503689,9.100624,9.603039,8.473625
3406103958460672768,72.60014567835611,17.202513657214478,98.28871606830874,-29.541091093802006,49.62690673757261,21.805723267598697,6.9477673,7.2668223,6.518481
3263319007654791552,53.80420238254381,-0.7394157579977008,103.30672452674064,-119.65839340023437,-5.035056164531214,21.807596557758014,8.332893,8.743608,7.8064613
149005270337201792,63.63520669480863,23.574736577070787,119.94955604982604,-48.151222042294776,37.46803934214127,21.828243043191804,7.8825264,8.232728,7.4113297
47019347749289216,61.415893171559695,17.937593851595214,128.30136963813925,-27.37494454449491,36.57164218928388,21.830825405399885,9.030198,9.498501,8.443756
3312564037520033792,67.96910450542352,15.499376849780678,105.24038497248318,-24.294895308771757,40.44317894778473,21.836692235162875,10.49827,11.25919,9.680014
3419703469890609664,74.27668414101029,24.752111103955116,-7.9173502745293725,-24.283631941404828,-12.106733358830056,21.838096039122274,8.429774,8.813264,7.9207344
3314213025787054592,67.38218032682573,17.893041427408473,107.71190227123681,-33.028502342706744,39.48329890802687,21.839417780702384,8.731016,9.164063,8.1725645
134723610725506816,40.53056816683054,34.0349716834918,279.32273227832525,83.55423558632918,53.595663798898244,21.839904124640153,12.363863,13.588687,11.278287
145664777917536512,66.0314614524125,22.118678779735564,110.45466142227701,-44.00152012149721,38.248919693380124,21.84503953567852,10.49918,11.262421,9.678581
48197783694869760,65.84565511563149,19.658537181152187,105.73157928214262,-52.992828354168424,39.967092022973574,21.850154849566174,9.108309,9.607921,8.483841
3406823245223942528,72.26507909102136,18.641078943037208,89.20116668534318,-39.09345654380154,41.62523817278003,21.866688144990913,8.747406,9.189218,8.18523
3310201908586060544,64.90438600612691,12.624246205443615,168.63862126646708,-18.206824900792455,36.81197452456003,21.867160626269147,9.530093,10.044105,8.897821
36540074223000576,55.669347851509116,11.310874112528495,-10.546921545542085,-13.656752641645573,2.197051064251747,21.87406720084705,11.504504,12.449887,10.578484
47752481485851136,65.10512460159636,18.742494527369594,117.17190211612794,-42.952265566695516,37.272655712881146,21.87807423411545,5.9997025,6.211997,5.697445
3312613000147191808,67.93731544259715,15.629246356377982,103.70676952967139,-23.647991680439894,39.683165811091015,21.885414645485255,11.263473,12.244827,10.325266
3301771025223950336,60.7483361031167,9.207767615191969,89.56676137202521,-165.7621011153375,28.058727940955897,21.892422210224414,6.7761292,7.041237,6.4023724
3312951748510907648,67.49101308172906,16.67271860422926,106.62469854058934,-28.406645791634606,40.138868584835336,21.89653153588919,8.853477,9.308189,8.278901
3401581628479508736,80.51006957673889,19.545448659821574,107.16028102682537,-32.71617592425976,24.33289577785863,21.902635535939027,11.760363,12.765001,10.790613
3306793937935977216,65.91205756612038,11.21001676568651,-38.10277575111664,170.43773141418438,7.406913592131126,21.90651579877497,12.564452,13.77728,11.47933
47804394753757056,64.05521641681148,18.88436675822078,120.58377262733207,-32.21040717145026,38.40141177140128,21.924448772782426,11.196231,12.135852,10.284235
3416593192013810432,83.37682723424848,23.990810212360323,121.93492750737627,-69.91617851014595,-66.12267657066239,21.926087812539887,10.922729,11.684362,10.096733
3312197934506930944,63.89090542824412,15.706167134953644,120.3339180357834,-23.346712343940148,38.49116709203465,21.94141648546758,10.431786,11.190613,9.615364
3271622759986641920,55.97698047730228,3.446502712590955,127.82587696748946,35.26261612114662,48.488731743781074,22.00388841261179,8.737034,9.202339,8.147756
3291495436226226688,74.83293727523565,10.385967543155246,83.58228329889678,-10.47159978849249,42.91844275563773,22.012153263248326,12.811378,14.137686,11.688614
3411887595780736128,72.17597188453718,21.10080500679399,95.58461370637329,-55.776246670380175,43.645196583852666,22.013212380902257,8.8214,9.274342,8.248361
3306922958753764992,66.94246144055768,11.736365486106083,110.0848918794596,-12.426956535282883,39.09251992909814,22.02257903124011,7.3565454,7.6642814,6.939491
3401246178649547136,83.27880473431587,20.03325096658217,-88.22940160339873,-298.61630534489655,-6.037968206793792,22.043035430944503,10.270936,10.923593,9.456462
3401175844265992448,82.23153689579247,19.727923769349804,-69.04751541529714,-332.60067166739776,-52.59263275410508,22.08048296845472,11.371749,12.332195,10.4283
145227760700173568,68.82173821319277,23.044891803588598,-12.346218157958077,-65.58633190755755,33.64971541089706,22.08569000113642,8.689886,9.102731,8.149462
2500448634525517568,37.30554471517989,0.07697398868392144,147.38694005742644,16.69089393741202,16.941036515889195,22.09533594770894,12.30735,13.509736,11.232435
31776474454016128,42.85672345089111,13.386719229617237,15.81840260502278,-31.08728725329957,-5.815668103554884,22.101390418843565,10.444522,11.365545,9.529533
3312837025641272320,67.69550317234906,16.148537246926157,114.13417859772498,-33.760351992233545,41.399056681378745,22.117074154136375,6.3859305,6.6263995,6.0378647
3309170875916905856,69.73924477314428,14.105479934245073,85.23855611997033,-18.597160019516668,41.96101186463022,22.118307474301226,7.795711,8.141334,7.32588
221110590050503424,53.74957070535279,34.61025077172847,202.24150759351642,-174.37509987330003,5.325126369742872,22.12933683571216,10.296978,11.132923,9.426896
3312281669189449472,64.58083132608715,16.088230860678596,119.0142633861451,-23.332981233975495,38.638230527896646,22.13534926959188,9.28708,9.808395,8.654677
47319858019739264,64.59214816838129,17.421422031711845,108.10763185279023,-54.89963786999809,39.2887820506287,22.140834690751458,9.593794,10.235861,8.830507
3269042034396750464,49.23007861980153,3.3476202640633312,159.14012423619903,-389.9259403211259,0.4527526265061592,22.141514467992828,13.031205,14.186537,11.974719
3281064262038614912,71.57870950551806,3.6363939501189226,93.36575992202036,13.294607074643716,41.76950145038346,22.143765395169456,10.391086,11.1388855,9.580801
170564219458600192,60.22892955130633,33.95403558001376,287.94309005315745,-229.21524558605563,32.137750615156335,22.14389350408219,11.531499,12.651555,10.516897
181312735893067008,77.74571727554715,32.03890332280186,-114.3966016032932,21.76611880359566,83.17998588631376,22.14902004317984,7.864306,8.22362,7.3806305
128614479306793088,43.07670971549714,29.01940553002599,154.63316375918615,-70.14711617816138,32.81933812714232,22.151508454025297,8.634382,9.078637,8.044803
3420438360271164288,75.43448952286315,26.671241411606957,1.017441077147998,47.7114649513161,-5.072369534614609,22.163954070460534,6.6559463,6.932114,6.254834
181318611408327552,77.74705714834185,32.03952102999027,-120.09535312473764,25.858347281695252,84.45066685573468,22.168256378407484,8.635126,9.058093,8.07988
45159901786525568,61.755663010016235,15.334944148492989,124.78929640581651,-19.96740802210265,38.12084310623483,22.179966150582498,10.040395,10.717401,9.29649
24656689987510912,36.547221404468395,11.179378030333194,109.00079984933248,2.564172364512769,18.683382082551777,22.184722445835344,9.040139,9.50565,8.461446
3312842042162993536,67.21904604267924,15.981476408875185,110.60646589710215,-27.251316326577037,39.72524052413118,22.208878786472557,11.246134,12.21577,10.310813
3281554785959621760,71.86515908373354,4.476350603838268,111.47723687184552,-12.739217585999906,-16.490134501742,22.223675634572867,11.006291,11.925364,10.07727
157149692265484032,75.77683400018289,30.774080385597788,-37.079041464208046,-148.42580065665175,20.163908765728713,22.22816424871043,10.711447,11.582233,9.812103
3416132531002305408,82.52120232226356,22.9710068811987,15.868099139075472,-30.532535711362765,24.03488151487288,22.233184616168817,11.869706,12.882274,10.888878
3393094021484216192,76.78866944793128,15.61361764488287,78.35192958954048,-30.462513438201807,42.80680169654881,22.28311603611342,12.772995,14.079151,11.652883
3300934223858467072,63.64361119965413,10.701362795357467,119.7080632647622,-5.774620258184484,38.66526280792333,22.293155692727723,6.9655905,7.252206,6.5802298
3420437913594566528,75.44301603851645,26.650867283610754,-3.634194824520259,30.672306628866103,-10.018502855486611,22.343442472606593,8.006765,8.402632,7.478818
3400695873081162496,81.87534284614097,18.844098347117075,53.03403777023182,-346.00048159975705,-29.54208707312143,22.35640909234276,9.312905,9.819833,8.684471
102082477749475200,39.2412735925505,24.648010320304177,141.41072033007484,-10.677400407502564,12.891178435311913,22.36413924588563,6.9608526,7.2458396,6.5699806
87245633484189184,34.833593351561376,20.437941430992858,126.434116891149,-15.060062582339738,19.056240398150877,22.368900848753235,11.317693,12.271345,10.371308
26147868272907648,38.515976509475735,12.180707624529433,183.71301106602084,-35.56041490830095,33.9742793644537,22.39166283629846,7.3376083,7.69081,6.8824167
3303393870027342208,61.93717948911189,9.756054988432794,64.68340884102274,-13.93959864777403,29.11026275613912,22.393116303406348,11.892482,12.937081,10.844502
3393284752392701312,74.93505593870663,15.916604695701936,85.46973399677319,-29.781427406566664,41.718626746556986,22.398375715026713,6.62694,6.8800983,6.279186
3333667891905281792,85.55328100698858,7.400437596288236,-329.15024200247376,-361.97194239522736,49.296050606370216,22.40071209281839,10.423513,11.048618,9.696112
3312751882209460864,66.52488590800206,15.524233927887556,131.0193638404121,-24.150876969975627,42.731353325808314,22.41212464159547,7.335864,7.6381207,6.9161777
164926370507396608,64.89602729317795,29.794023392400753,210.04349585025471,-75.41530012870194,-26.95566392239767,22.430620991862227,12.730558,13.761503,11.683987
156205731470219904,77.76954209941798,30.302538808981726,-59.119168342951966,22.904066724815117,-30.859564916079837,22.445616962290377,8.304355,8.728654,7.7596
3310500082395188224,63.716906977783765,13.054858467628392,114.2602541309164,-22.726626379745717,38.95711064181492,22.447205892151214,10.223316,10.936543,9.430573
3444268144500146432,85.80572809959132,29.947369646869653,84.88516508688842,-47.06341166342322,-2.1692918564600596,22.463308794886697,8.368584,8.779355,7.841111
2496672323185677824,37.76858411126213,-1.4709965237369538,-149.8207225487743,-274.27949863420855,2.228754417791862,22.465622531213693,10.091333,10.71698,9.366961
3411151369667012096,70.66373370541945,20.776739331177545,62.00089090718758,-95.83616841891748,-2.532668036830824,22.465980946855158,12.869023,13.971967,11.831015
136838658779723648,45.35895310404219,33.352569445565294,46.607686150344065,-195.97246315380823,-4.461545204039773,22.4704806736492,10.917484,11.867064,9.981899
129321160344480512,42.76849642188101,30.286598123600772,128.3151944742124,-32.94774001097478,10.525164322073678,22.480318671767396,7.4011326,7.7262816,6.9573073
67351757289092224,58.17154351467567,25.804215691891365,139.90616240233325,-51.42005541580396,35.50198166859332,22.489759048612417,10.572748,11.364372,9.732307
164926370504274688,64.89546993232254,29.79372879787605,214.72873655083706,-71.29218219766315,-28.976343694182823,22.49994862980628,12.692102,13.725488,11.666549
18211043587721088,40.35821009198511,5.988199246593269,79.12499935871293,-56.613849835572715,5.74952687531116,22.50357920047476,9.820171,10.625318,9.012564
3241699825915136768,77.44153557667966,7.181654384975214,51.44629995111082,14.852725582739064,35.01178663259346,22.507243692973308,7.2766905,7.549382,6.891838
3310073197007270912,70.6818908072519,16.512829475872742,-187.2626799454076,-197.62322406456204,-4.83506050178379,22.51511520328036,10.737154,11.499368,9.916751
3250458054506860544,57.56779619771689,-1.5224669955279102,103.16701517561901,24.827136574377597,30.523656589887366,22.517280044868276,6.386326,6.6181564,6.054575
3258132920543658880,58.59439653890482,1.261116303704817,21.139673847746913,-116.86298620330436,16.07156039071897,22.53275178948872,7.816954,8.149647,7.3644133
11210418694164864,50.15543847873994,9.033282205376679,287.9615660330438,-59.252649227417656,9.444249787125866,22.538808364714615,8.272162,8.657547,7.7586718
148183866430358016,70.03892161465396,25.59212742762202,99.05399388185006,-61.28938263856331,35.03329198576604,22.61533715525616,10.089218,10.858907,9.261143
65319619282119808,59.21731732309642,22.477482595960335,70.66070298688174,-113.9091927076727,32.354719571288236,22.619439544093293,5.5137057,5.720482,5.2362394
3308127405023027328,70.3740825457354,13.221126747333948,99.18070668044949,-18.648489821919995,40.39792686454605,22.646571729787844,10.488719,11.450566,9.546908
3406089252492594816,72.00405801258815,17.055863207865094,66.55572895463216,-31.95303017523844,51.371205249984804,22.650668397924253,10.40488,11.342582,9.457116
3290909190370391936,77.8736765575448,10.120083551829238,-46.03393787216331,-216.45169161233792,3.302419000420681,22.706856953459358,11.148699,12.225712,10.169912
3393974524139746816,78.19996996035714,16.30592995412242,32.66804479139789,-263.5591521961578,32.23066919843084,22.723322345614037,10.1633,10.883689,9.374829
3397834527211523328,84.59621604551333,18.40982051964632,120.05857942331966,-131.16215790954348,25.359765394442658,22.724064375047284,11.876151,12.954124,10.868285
45142206521351552,61.92550271686696,15.162689108708257,128.03525036021273,-23.513863912947414,37.93207863264952,22.730791152559355,5.9712453,6.1831346,5.679133
51383893515451392,59.8069645817941,20.428049120584145,135.25527959947135,-36.764305820914196,36.84001510468228,22.7348414300081,12.570355,13.839513,11.468065
3403722072679163520,82.853310604932,21.705970815397094,-165.37046237601598,-128.149406973563,5.929070592869083,22.781662739393074,11.863382,13.177514,10.749789
3312960205303089664,67.48274178738423,16.913916124845805,109.8690352820996,-31.087505230735218,39.38302864150298,22.821325099326067,11.971117,13.125028,10.92852
144377799556207488,68.40541889062327,21.150651646922245,108.25066357520522,-46.336967833352624,40.47478091579059,22.832899766199457,10.198821,10.909198,9.411024
146677879098433152,69.71421118098506,23.14973983355919,105.52921885319637,-54.442098754044,39.081255300265695,22.845323923273227,7.36742,7.684683,6.9435215
60537254800168192,46.987575906318334,20.389886743759554,179.02046826861732,-46.09980759212253,36.18549614573896,22.847583203769084,12.290653,13.435377,11.242392
127773735163686784,37.805123312257194,28.234561969095136,-96.9383835436546,-71.67942553080954,-29.762129533921257,22.853654270996124,10.209865,10.960318,9.407889
3307992336891315968,69.96283830990222,12.728408624130592,102.51448409636613,-16.181899099666495,41.408660447653645,22.889638920273576,9.659127,10.252965,8.961672
3313845106004931200,65.68711942079408,16.790809418241206,174.75396561546913,-15.783890678255535,46.02404713706524,22.933185697947113,7.66847,8.030554,7.1841497
182188256387219712,77.71475090662004,34.0319908055998,265.47358906780954,135.80881975038545,70.53552044220038,22.939164052515956,12.364594,13.405728,11.369715
3232345284065934592,74.58273312613775,2.7822515649855304,136.77586192012706,24.31106920230656,32.20729261754828,22.954972931123557,12.305353,13.524755,11.2289715
3304085291040709888,63.2719124388446,11.74611674750476,58.50258095921389,-89.91497093188119,25.95700040566685,22.961530814781504,12.684345,13.94298,11.585893
81684574253492864,41.06439676582435,16.374461793663674,-32.99344791826351,-9.954442356118026,0.8519811781785478,22.998877224902223,12.617242,13.863362,11.524849
144290220880929664,68.17491301328675,20.661593592957214,32.84398951658317,-25.836398727544736,16.92245897748866,23.00101182219005,11.389668,12.415666,10.43836
89278733563399936,37.85138105003281,22.08773864112133,146.1485410981508,62.116071316373606,4.997635082456586,23.001025150500077,7.867821,8.221502,7.391744
3285426613077584384,68.02052089369975,5.410074542867973,112.5048853718854,7.577888509805425,41.469144768485094,23.008994453379078,6.2509503,6.4862223,5.917837
21297716324419968,44.252368167921176,10.161715401258595,-61.17257317167231,-75.79008077862697,21.471482215452088,23.02438281691808,7.7483826,8.074616,7.314904
81166811651514880,38.97629367063198,15.248602966510102,52.81668161717333,-52.7415387447945,-27.537459116499306,23.031392437938056,9.237093,9.837848,8.5368
153688738899158528,74.57895633079315,26.094852054033048,90.16740682873132,101.06012052699393,12.80572753510502,23.04609152770508,8.328817,8.717307,7.8123627
146687018788948224,69.98840770649666,23.137644225169332,101.54827806159797,-55.502049135009216,39.78768590742008,23.068516709860926,10.749867,11.605941,9.866274
148867315986268672,65.48337803623076,23.418056538697048,117.94413750261066,-52.07673039545696,38.738406180151514,23.090042973282348,12.458201,13.736458,11.347035
159010516911729536,69.85091439133278,30.352575865194854,64.78755877566397,-53.20200106851682,-3.6846975389027605,23.09035106027929,11.195754,12.145704,10.269293
145373377272257664,66.06126789417974,21.73604857831852,117.53097609898691,-45.80593545896281,38.33665475162847,23.107320168301555,6.990021,7.27502,6.5947847
42375732187511552,54.27043423230082,15.37407635975876,295.3274068704436,-52.769305527217455,78.84971721397238,23.109805293347325,12.358943,13.482412,11.316631
60460465080107392,48.25849584355048,20.729640428960494,-46.48218682926183,-63.373341125254534,-5.0380944512435,23.126738663934404,8.470685,8.828876,7.983883
2520039732709716608,34.579060219343766,6.426736195375516,-49.901095692146086,-158.17965774192402,-43.54115777065976,23.129713423734906,9.381104,9.89966,8.743141
3310820624394671488,65.97723182921048,14.052022219297244,115.59549003545874,-19.072415059110845,39.544895135983055,23.138229144148518,10.362146,11.124267,9.545981
144534724778235392,66.69895169617882,21.234722802578624,114.90176359573239,-46.06666329192119,38.79165633588782,23.15055500230331,10.680808,11.502173,9.820853
3264445830979263872,52.309575173470364,0.41661051695617285,52.01075066263239,98.76817833921797,67.0466555754998,23.160723546341956,8.911966,9.382783,8.321847
132258299495953920,35.18068601557656,30.745087758131948,178.49595501809569,-206.11452741663996,-1.5295428650270377,23.169825570021448,11.652798,12.708391,10.646867
44197073198840064,54.01181930470058,16.466156101181987,-298.66333462939815,-305.1238637897944,-28.304813411972095,23.173813318155414,7.502054,7.8186097,7.0679045
3307489031146701696,68.36301870809436,13.045388903997113,110.32170781793613,-21.468773464533697,40.27169246573413,23.177751219238406,12.2632885,13.513028,11.172904
64115585330656000,57.5151478040288,22.59136836663528,154.81962794239064,-62.72549868470999,7.211127126352782,23.18270366248802,7.151183,7.4316583,6.759083
3254366302946985600,64.12574226637578,-0.5735445247096351,-61.13841904596478,-172.0489565544954,-9.545772366701875,23.18350019497023,7.891028,8.242062,7.418498
3323397761811061504,89.11599462920283,8.079587732743516,96.42847695408551,-65.20856992042559,26.79614548631387,23.184653676075946,12.427964,13.5656805,11.385813
170457601190857728,60.281904103284816,33.19580088612528,128.33414106403328,-76.03347762050326,33.17011026533939,23.213628466150798,9.476312,10.010334,8.826265
115069114526993408,45.54144765149957,26.015572404458435,158.13316147017468,-75.12801662892252,16.398850193744373,23.235600419073847,12.439773,13.671599,11.353078
3387533168412652544,80.99439826703463,12.432314351957219,164.11050958443096,124.86560553988994,87.17388107494838,23.256168409623555,11.579267,12.6843605,10.546863
3266288097071134080,46.95531512950884,-0.48383827898625503,26.484197625360753,8.935209174762434,11.487825220916005,23.266590970288682,12.019912,13.120329,10.996422
3395691716488622976,79.03592841501836,19.18227391162749,80.38771587175134,-18.66984993687872,160.28985492064876,23.308282009537827,10.509325,11.188039,9.742051
3267965986174672256,52.268253924079524,1.6688535426136575,320.8191407389943,18.528984313453655,48.50190853580363,23.32357877672742,11.113621,12.036928,10.197273
3241505276779917312,77.78021733766029,6.473512839421907,98.45973823049812,-84.2593104905033,-11.363139601588678,23.352813071299824,12.490135,13.757928,11.393587
3294091211380706432,70.8826875267743,11.16679793359417,97.9906563003849,21.521703021787896,23.230249834731012,23.371791836734502,9.893868,10.551253,9.148329
3292437236655180672,69.45283113136246,8.138204612009527,16.947644467243393,-549.8345474738024,-15.858346400586209,23.37970992875581,11.294729,12.23163,10.378978
3391728565481255040,75.40052784470335,13.932915652221919,86.27266880521228,-22.05268175114895,43.56484518948017,23.388527646930104,10.745497,11.605692,9.85981
115068740866249728,45.54168406152881,26.012519950262288,157.4803929539878,-74.1691463886544,15.189158560571066,23.407353314523522,12.543122,13.795367,11.450349
8810116091022208,44.057652608696415,8.381177105122884,66.22281405673401,-88.96801996414086,27.430460235590772,23.41892693461478,5.846703,6.1134253,5.4953103
182224780788926592,77.95437859847895,34.39751453837341,59.59155816899541,-23.64848318982871,8.795647345490126,23.478483913961245,11.567537,12.570908,10.602388
3409686270421918336,70.7564252355074,18.711236610426365,101.43866280780846,-92.9908019527439,28.974882973021664,23.488774279368194,9.475344,10.13808,8.718076
3409686510941439104,70.71591562551957,18.720042372327192,103.96216777393316,-91.38927229590422,13.324667265373325,23.508352695259358,6.9459033,7.307718,6.468485
3304831550199371392,59.802994282351264,11.951781244565826,112.63739953598235,-234.31367196254607,73.6653241993952,23.53682819733747,11.525416,12.546987,10.556499
3219847066672970368,86.64513630752018,1.167586593650513,-77.67018818363087,-141.98733816405354,30.27194613676484,23.58192522982557,5.733188,6.142084,5.230102
122702478298949888,49.23568374036262,31.02948023059988,156.68061402375017,-245.29857340567577,39.831037564016995,23.591739776126172,9.147514,9.636702,8.532081
122366508777276416,50.36865384470318,30.212724761212584,136.11582737705132,-297.3282566369457,18.703189159252886,23.628432452121313,10.936865,11.7891865,10.059608
89630989600475904,39.602234627909816,23.088661020195435,10.050208122085776,6.271938994922637,18.521879964688196,23.634255347766864,11.548243,12.528495,10.587051
3312921378798754304,67.04581034723728,16.470801783690373,114.43390522582328,-31.93382548691835,39.9820440529324,23.635456140725697,10.502086,11.322126,9.647379
3412605297699792512,71.7876776925247,20.882097147303092,98.42172222666501,-50.09611247081037,40.59094368913211,23.64286772615713,9.477062,10.052589,8.796018
18297114731960704,38.642730348876235,5.443827282381171,-289.707398396753,-575.7725952152862,-77.14120587200387,23.659809553178764,9.510598,10.033808,8.867388
3397376825433540608,83.16658845871596,17.79263657985925,-38.655883807453314,-100.09566787437107,6.145985816763385,23.723766618652675,11.527797,12.558235,10.547432
68001499939741440,53.20942466620557,23.692017150753504,162.1866430005063,-39.491038322029155,31.68961954991343,23.770365771119337,8.634549,9.0861,8.066338
144663814316653824,67.45264498782551,21.734032703339924,74.94347421260164,-74.36675461698577,37.52272921014106,23.782918008019283,12.730219,14.072544,11.593412
3442988897081147776,84.1398221945304,29.60811234698767,-59.61352720567567,-184.60930922696093,104.07847043437404,23.792851633558012,11.020288,11.854405,10.14827
3451266742171824640,87.46248554229331,32.97314858857092,18.049717297802736,12.155061545151598,-12.300867228091679,23.795475089751434,8.516915,8.942352,7.9713044
324836077473892864,35.29956856868083,31.741966750987448,113.25114719918949,277.22908477299575,34.73448501669213,23.82468862466707,12.225985,13.264752,11.227568
3256919987421359616,61.12694646754155,0.24404699607126762,-202.43110021187994,-354.66301937702457,-30.312326545179733,23.84232932235839,8.1273365,8.53009,7.5998445
56413781254974080,53.53533557490743,17.83149175877583,94.24177227106127,-310.4751345009055,10.778365452114727,23.876841726574643,5.8959327,6.386526,5.301397
3306856541379219456,65.60755350732434,11.30566520706821,122.67012498327995,-13.589714109965799,40.300717361641,23.899321808166757,9.353226,10.035678,8.59071
3313958836739285120,66.17660737901828,17.20100811127758,268.601428761366,-81.72651878570483,42.10295745816438,23.905298703666332,12.345033,13.485147,11.299165
59289858858508544,50.32909748494534,19.35346575142381,276.9247533883676,-143.78575967880155,28.69764728758164,23.935241490639417,12.618915,13.849509,11.525728
159493924070156288,71.4930982718622,31.228195691382144,53.40711455949227,-63.00297863603853,-3.396199551418544,23.96705020137,9.641473,10.214203,8.921077
47485609397541632,65.66540015396399,18.269184146113485,123.85979809296876,-34.03620241537605,39.655992626635665,23.97665240546381,12.086519,13.278926,11.023306
3311914432305653504,64.57390652245148,15.00899715667607,83.9342344601169,-99.64607101852191,37.07781071284452,24.01318638104907,9.125242,9.614884,8.514284
65103668325506560,55.40450494881551,23.343531989990737,156.44488917050984,-41.1509438268272,34.845653117513585,24.01327383229716,12.757081,14.135274,11.609889
3451267120128948992,87.44256209020183,32.973227217158986,15.682782946947704,13.428765511076683,-12.500728745354602,24.019333243599185,8.269735,8.661086,7.758086
129070265532645888,44.44539811314835,29.661268569774258,187.47689160055776,-45.13271528816744,26.188833205367015,24.07662812681027,8.671929,9.128808,8.094539
157732128487060992,70.36584959137987,28.01064467760078,-47.56330166407506,-204.48025472834848,18.16436303715972,24.080764457147165,12.355442,13.626166,11.256917
3312025586058376704,65.85589474388256,15.763008844235781,125.23605164903529,-26.82538228142786,38.422925209201246,24.086944977071372,10.018652,10.7224045,9.227268
55839698744164352,50.63591756782786,17.725229363355755,41.20924860622384,-28.838284288020493,-8.043743875617276,24.090653349712362,8.613098,9.077077,8.030363
128095411034209536,38.502247218477365,28.32402447941916,90.97648773264187,-140.5171959474165,0.3058941370028556,24.114091917946908,12.085391,13.242572,11.030517
3345374529646941824,91.24303092189949,14.387630448719179,86.05911033075694,-187.38290951432418,39.74046357586615,24.140544684045967,6.597429,6.867718,6.2265863
89308798334436096,37.09238553777449,21.99592794738683,53.75059815434044,-16.87910430584476,12.749713583620906,24.177424042829614,10.751563,11.785139,9.771858
3235618049144649984,78.35417324576314,3.687214225668111,-37.274289961776475,25.62420519426974,-4.444899319224305,24.19381517250247,7.702513,8.010097,7.1713066
106051542927008128,33.942719482403824,25.78265783250794,177.0665085543019,-64.69434563054983,26.053478628821924,24.194920268535757,5.6624207,5.916118,5.325494
3229907391908569216,72.63546737154937,0.4151437848925794,7.009585470163416,117.23656344562166,50.04258324027802,24.206232266771604,11.694554,12.764454,10.688302
130173900330982016,42.183294503705554,31.11445588689389,217.33857431987119,-164.6067497865371,-13.383799873457075,24.213123064883135,6.61399,7.1891665,5.94116
3279109746977266688,67.79873528211293,1.9580749545310903,169.29146696352063,52.907548262496874,9.144289090584579,24.22917354492812,11.571468,12.6468315,10.558476
44894472808190720,55.48191696993157,18.75981316990229,155.92332176369487,-28.480853245390463,35.20092626102701,24.23145055094219,12.246261,13.476058,11.160277
3220926542276901888,82.29007164748258,-0.34289825299839966,34.296717862416365,-78.13066790780829,7.901240262439517,24.292195716133403,10.414312,11.170626,9.599094
3427479456640408448,87.62853490437301,23.46091001362591,-144.64103038576917,-231.32736133853763,-49.51242865494971,24.335869620724463,8.601941,8.994358,8.07868
3413567782690754688,72.48473721209928,23.683379183370462,37.17948132546289,-170.1251046979732,4.2729646284583715,24.359811537948325,10.98214,11.969537,10.0142355
132362959259196032,36.87229237466761,30.973188432286584,79.67937340833647,-72.00178110051422,4.847279985645802,24.35993540344463,9.739522,10.477655,8.921969
43538293935879680,58.77775368324535,16.998372278667443,147.8183484290635,-24.48392359174199,36.40345701277087,24.399474520796048,8.734807,9.211968,8.142562
169149766470219520,62.41222545974065,31.652434566200586,64.17477785082166,70.09913874455206,13.200132695385424,24.413398325423838,6.742701,7.041125,6.3306847
32138419938064000,44.049575301489035,13.912685640238172,-82.94856359449085,-74.58609052881106,-7.879901542578359,24.41639818399579,8.803579,9.249267,8.242361
132363027978672000,36.86731215495496,30.97756139321672,82.66709488206905,-73.48725747977261,5.312883299207591,24.449018124309934,11.43537,12.727688,10.323565
3393387213132522240,76.39340796593328,16.527742188651008,-17.46296616698568,-3.1741985030079807,17.60723870584416,24.449584276874877,12.586151,13.911706,11.458234
3319681829121285888,87.15805739925406,4.235590490753754,-104.39073021360427,-315.89954331690984,-42.347077128341105,24.464296553514504,13.189973,14.433646,12.095111
66482352830035840,57.763697704805395,23.90344383675505,152.59885236477788,-48.0433610111473,34.156554224617125,24.464327082342002,9.787785,10.446387,9.042575
162484320823473408,60.96407225575189,25.769020807861295,-0.6626818092191371,-498.26121616911405,-9.549699021381073,24.487040563160463,12.38694,13.670772,11.275241
3441091101355185536,83.86422096119614,25.97096558211446,-66.95820343697275,-355.8814781912379,61.31178497037453,24.49124270158814,12.279269,13.543996,11.187045
3288413676933442432,75.15995460155469,7.186770389664851,-65.63844347010868,-99.18626417605617,-42.28996032098301,24.505203660389803,10.726825,11.596126,9.834873
3404798597640071296,72.76052818366976,14.971197891734073,96.51413532831452,-23.866990213638218,45.77983340053024,24.51308109182633,10.981811,11.93506,10.054134
3413567786985813248,72.48546116444655,23.683377519294943,23.07637118867548,-161.22397589883866,8.725761809705887,24.552099054635896,11.944956,13.112279,10.843564
3220694137302266368,83.03758931855171,-0.643933241304668,-34.855715240143056,-95.16149000785438,5.903818301257587,24.556545739889224,9.667737,10.255103,8.973655
169748446253435136,62.318949508276745,32.351668594424304,54.51646580711067,-45.42408812207038,-60.58846519226543,24.56867969688402,11.91809,13.138238,10.840566
132491876997696128,37.42726162867279,31.391422645436744,8.262462619821534,-21.275248163714117,-18.66487946974958,24.573879408987075,10.122599,10.515064,9.572648
53257461329357312,59.809805370747746,22.04366757805516,148.4837283357591,-43.928374023757854,34.40603564576229,24.63161047024897,12.076345,13.277638,11.005822
3288784006192725248,71.8275771802621,6.4532305104784875,105.53475146758683,5.453961317020127,41.41188802629068,24.635215386016817,10.689168,11.565655,9.798967
152668843080781184,67.58427368438291,28.13207761553626,142.50932038558005,49.56630641867689,20.664816637256166,24.642085904685654,6.3277183,6.717184,5.8229456
3292800109852528512,71.6904096958083,9.017427050936318,105.41890039704406,18.331774394792895,42.06780569352418,24.649593140421835,7.0927486,7.403216,6.6653533
3419824248667573248,75.07330110925453,25.13646266460083,61.46299970127826,4.759006359203923,-26.177119096105457,24.67872862756323,7.8630257,8.228899,7.3773084
3320040063753164160,88.26976042007477,4.717416226737738,258.57468376096415,-295.5627940397389,71.28103573393321,24.700801850505187,11.330287,12.417549,10.307693
3422042582096699520,77.51708827094777,27.556119297161043,197.86015839162917,-89.57915162853176,15.643538239550526,24.70977405906751,6.838173,7.1111856,6.4653625
118289519661876352,49.585263559156914,26.90908722190573,95.01951890352757,-90.35305284486236,40.83185951517683,24.76513078818098,8.703141,9.1648035,8.122675
3389038988242011136,81.33829990109197,12.531351921849394,83.32814439131246,-7.305467282029792,16.09033966737789,24.78949552700359,9.989361,10.721144,9.197183
3422047495539178496,77.50456411451677,27.642799347177565,198.17882267084542,-88.59144022455601,21.241158039630488,24.817018625434443,8.913629,9.453626,8.258024
3221060446473162112,82.93558799848213,0.09680506074090664,173.37371006730032,-449.56168001397407,-9.247433130824778,24.818962163436687,8.185544,8.5599985,7.683996
3419636575776307072,75.08170826125478,25.13085284600636,68.0446737442325,6.525256326352838,-25.41738747762094,24.833881787884312,11.741339,12.826697,10.723397
45968901826385024,62.046873488881765,16.872961358835767,144.25646011327484,-29.397072518915103,37.25091953694466,24.916754042019885,10.818891,11.719209,9.912718
3388382060107608832,77.26299574231096,12.964089696162956,74.68124081026927,-20.937053349267384,43.373781583486135,24.926662966784146,9.0386715,9.525688,8.424027
58794735027901824,48.51981931855012,18.30279193741805,-15.194161135414266,-225.51793118843383,-16.37403033592104,24.95429892873509,7.9574847,8.30301,7.49124
173000664208094080,68.17140890423224,34.13438408781763,122.44544699862732,-232.39206756478129,42.26797447225214,24.99286425021113,10.331255,11.09559,9.510137
3218445979621236992,88.75770932588532,-0.5081891128886191,-104.25036194176961,-50.79320938117095,24.60481814479352,25.004599576055938,7.4766397,7.826246,7.0183697
31251045334952960,47.184929126967376,15.333991771377221,70.66410125077171,-194.53503617553702,-26.946167485167425,25.02985442959215,7.6851296,8.031168,7.226857
13555539556582272,48.40157183720604,7.707371506014323,-130.0017126129522,-302.1151238418639,-50.17090158720826,25.08828207735768,11.1723795,12.08703,10.25419
3301487557382392192,58.567710530464616,8.558398641271712,238.44109589727566,-64.65686503719965,20.78087784359602,25.090902726939447,11.1628065,12.150348,10.233492
107774202769886848,34.35578894873738,28.74472096807923,86.92440948555839,-74.06934530855645,4.318415862373875,25.1343750330429,6.887736,7.1791506,6.498108
107774198474602368,34.35349236347482,28.741474548684234,85.96872019077534,-71.11297910642745,4.681729326668563,25.156540303016104,7.6109147,7.957493,7.1519756
3309114972622384640,68.43382203220665,13.927307764326615,72.55220757585569,-184.97749395187333,2.328282964725716,25.172185455484588,11.807769,12.792016,10.844287
3233692082730569728,78.70826788598801,0.7079274360036569,140.6324974944418,-202.55615406127077,18.608297495099315,25.188060446674818,9.451816,10.067131,8.735458
3320588956277992832,85.1504878937864,4.570171297131252,-67.94188315235107,-215.27896470045815,10.852177868744752,25.19057269070309,11.288687,12.304423,10.312895
66892264508548864,58.046901329137924,25.162369950104416,-122.86287096177071,-164.20133559573767,-39.634401472401976,25.221016839443404,6.625446,6.9375944,6.201818
18262823713408000,40.06559573232256,6.111944816056053,49.31561477373502,-1.1447313453049017,19.025377348873683,25.240217389581677,6.140049,6.3675847,5.818558
125343573948444800,48.26258620590142,32.89618236025457,184.50782817225033,-61.93405383089126,26.844627652123084,25.324297967697852,7.9686685,8.357107,7.4658375
2500695921563092736,34.81707742767116,-0.7799761572074865,60.41266757179984,-31.84526657011709,25.140467674440583,25.41978554679383,8.287282,8.6962185,7.761085
3281945902861450624,71.19890946581877,5.289386239596288,-120.89933846155077,-58.809634482790806,-18.942133598481984,25.437127374185547,8.681095,9.126358,8.106027
3262677713202555520,49.48052797840707,-1.0960945156833706,-33.96520515930409,-291.39079278338136,-62.82463016109796,25.443743646755287,13.406897,14.684334,12.29271
82945061255798144,40.60748366644466,18.245550871586264,213.4820663415868,112.63098070575447,-0.7340680507245629,25.46708798326794,11.18987,12.252348,10.191827
47068207297219584,61.51002103352923,18.250761381620343,147.49857250907843,-33.27522128193304,37.262878022324465,25.46813424568754,11.894332,13.0596075,10.840963
3305966383637466752,67.20598946792222,10.755908682573304,-16.765596250665602,-96.75087715832557,17.334958078035683,25.4699919356257,10.812266,11.725176,9.899123
3281945898565701504,71.20020006616834,5.2892391909010135,-118.0425273278288,-44.30303818174089,-18.061981142077215,25.48594048954214,8.555185,8.983417,7.9951878
48548527903788288,63.43721587513629,19.305820578314417,27.269986832092115,85.78713568766727,-2.7539267751376144,25.49101791854579,8.766938,9.238878,8.173977
3319498240742656128,86.91957095895691,3.678214814207977,64.24852901982828,-79.75344785454953,22.81828863291251,25.551301364281564,12.448317,13.719149,11.350192
3262672254299451136,49.36716463581596,-1.1254069710187564,-34.9601508308605,-291.99019258950045,-64.39626660686771,25.55790249454083,12.052847,13.096216,11.0538225
3218624650260845952,89.02172665278738,0.08688659432222155,-76.11181773384253,-7.801614414593171,-12.547814083400358,25.59761130329742,10.710353,11.560521,9.8319845
144978858756826368,68.03293835497657,21.63234229965724,-1.3611866777252783,-3.285439101365127,6.774337839405714,25.598296876771958,6.92269,7.2553554,6.4732075
3299288705924697600,64.076961017047,8.71809313524862,-94.89926193093406,-309.2225871968515,14.84999449560383,25.604701984575062,9.423254,10.069685,8.6918335
82126818445886848,40.35207370032124,17.47901551478921,157.62694327320352,-9.251927200705056,4.298596448410464,25.611059321144293,12.188519,13.403002,11.107896
3297396274614449920,64.06836278985435,7.15921993983738,-110.50750798625943,-37.77870359046402,-16.963813758089323,25.61750417226028,7.325669,7.683823,6.8456798
3396620739392549504,85.46235503420537,17.01558027128679,-93.71424176309156,6.548399597634983,37.474162309758206,25.629816336634782,9.9522505,10.686493,9.153908
2516606060975446528,35.503471630825416,4.747099325754618,-20.41303078728897,79.41785185349859,53.63778945520656,25.631970088772576,8.066539,8.468686,7.5491643
53728945658385152,62.67827915532562,23.44417798424888,-126.9561226749577,-50.73761165310391,19.456104248600894,25.652602020073733,12.383356,13.552287,11.323206
326760119744747392,37.401327407375746,34.394819931611345,-46.02033015804164,-112.61139360799476,-5.258029059905107,25.708638256429705,11.600872,12.739462,10.545091
3445175172876310144,87.56579653839525,32.153059064520164,13.931703025599766,-169.47253051433572,15.652423991304438,25.7851760696614,8.529681,9.011482,7.925857
125609346525182208,50.248586882049715,33.21784143005138,168.54519983850463,-112.53104156945483,34.93425267149483,25.864408228020576,7.769961,8.145706,7.2754045
3349898642039195264,88.27580301705001,17.09464844030533,-78.15445983969404,-51.35391495265555,108.63520811705004,25.918159318517894,12.829566,14.085701,11.741185
103173223348678144,37.5364145622177,25.621878617969422,217.9441679674807,-76.31923167585094,27.79125462276101,25.927509202304172,10.4185705,11.251642,9.558689
145583418353218176,65.50258412095086,22.11444593255506,-236.14405336871147,71.93994595712668,11.549399382390362,25.953783465530872,13.140325,14.316549,12.072522
106774952858617088,33.865297719914835,27.356670258291523,286.8509558482138,-137.67864864601316,0.9577202510633853,26.014273391641428,7.9333,8.318275,7.4349
3417930713549307008,82.3494905947257,26.332322006632854,136.68262504647618,-103.4746152969391,9.786805502572179,26.03145605541131,11.902567,13.0697775,10.853758
43803894713689216,57.6227363592758,17.528997134434427,17.26253617653571,-37.41916160396492,-18.736945295410095,26.086556010558507,9.684687,10.357274,8.929177
3347821385396298624,85.39361302170909,15.212833305122219,71.91906114565272,-200.57884143257974,-42.18448572199498,26.131179381096718,7.50559,7.875287,7.0303917
4656161161454464,43.1728635667539,3.280495610833706,94.71269301654843,-12.29870191781769,-1.3591385901457897,26.140411447805075,11.295329,12.350257,10.297101
167829076907130240,58.03641543296474,29.611103174162636,-54.68866156990075,-165.06581709814722,16.06343267381978,26.170948090577557,8.130621,8.57802,7.5285625
3442595886098136960,85.31924097585747,28.394594831939393,29.76059625540206,-102.26446651175607,-8.265507323765135,26.185448899793546,13.073743,14.482571,11.921693
3421680597955802624,76.98201460287626,26.327680543871008,-69.83607242795185,-66.01869516395256,-62.43167169851469,26.232814341775622,7.427564,7.7841177,6.953568
82853050171626752,39.130367149681945,17.717327304501485,230.47332709782918,-172.52983196048598,-14.173308302716944,26.288168521529695,11.5144205,12.632584,10.486247
109931856900594432,45.86991142722293,23.061471639422184,115.33724023883563,25.869910471742305,15.323243512020063,26.32196743536316,6.8860407,7.229794,6.425225
3297007318080349184,60.788893819461784,5.984811128915854,7.3739060512765935,3.756855767922336,-6.0802803914376575,26.361698390382973,12.971478,14.213941,11.841404
3304700330358980608,61.477678812840985,11.96625016157991,219.51425643188512,18.423192037005972,36.17350243460005,26.36372553638307,9.627954,10.264079,8.897958
326843712691220864,36.45637070407045,34.308508938715825,100.28215310651458,-68.93406423624249,8.726374637101905,26.40517927114546,10.211906,10.858776,9.474987
3304387519299731200,63.57771224661155,12.347834004208666,339.4715996388203,-60.935676242759,43.14770628727785,26.4724958163094,6.5582743,6.92717,6.076598
3392510077730740480,75.14098917193915,14.384037315431513,39.83073387768256,52.54730301319626,-18.08111409814913,26.530243532142926,6.57367,6.935593,6.0999827
3250386792409563776,57.82560158090758,-1.8499660329741783,-207.3562947839623,-371.00763829421857,-23.304791644522822,26.6619495066751,12.116235,13.354705,11.0289955
57890562810508160,52.62754572680288,20.103024906862093,162.05023293328355,-58.006090652071116,25.594673031264822,26.669927525246788,8.12292,8.521455,7.5969167
47322641158530560,64.69835275316174,17.53780020249615,62.68150564770128,-66.0857821683173,28.80351514789838,26.687168350477528,10.788914,11.761397,9.838952
3299454697820755328,66.04426734993139,8.516468815109095,37.69234554428852,-46.114210010303964,11.03486899319621,26.69428856855778,12.263289,13.52614,11.163895
16439043160641152,52.01106166391909,11.653149382656846,-29.228823122187368,-35.136161013803694,-13.17208400959425,26.69759260926222,11.557467,12.6035385,10.5643425
3229403815582711808,69.89917292710882,-1.3055494230449654,109.68508668639063,81.93446632355402,43.374962724287755,26.781194905673196,11.004596,11.988302,10.043871
3419558132494086784,75.40673638084212,24.635419761698746,95.3095468482276,-267.89898613981967,30.320815898566593,26.78587597691811,7.8816366,8.256401,7.382879
3399840659194478720,88.36460097599273,20.637073746518567,-33.31637135016167,25.465750886592854,10.840648511321099,26.79604329154818,10.772457,11.673997,9.865144
3234481566438473600,79.95445848849396,2.5131818489140536,30.289040056546355,-99.43870804874499,35.310668044405965,26.799184876978362,6.856041,7.152111,6.4486485
3229403815582711680,69.89982668562851,-1.3051221418973402,119.16710210244415,78.85410331770532,44.7088485423618,26.870747807909954,11.305357,12.350437,10.307055
157075097273503872,76.25033701195852,30.373094133557416,-93.02669692451403,-91.22566515199625,32.43576810076233,26.87085003674139,13.15352,14.468237,12.030658
3391729905511044864,75.58455315649886,13.909801004763729,-11.02036768718689,-101.54283805059003,28.06174203749585,26.922145406662807,7.360853,7.685163,6.9133472
3283285795218796800,65.26773276770507,3.268850435218012,138.4212246908048,18.076626530779645,38.663525375418935,26.968191173616308,9.147926,9.71354,8.470903
3401549162821808000,81.32931574630535,19.642403712796344,-5.9695543449402955,2.284054959950019,19.330731270158886,26.978933058799548,11.265744,11.622726,10.739378
85787474907458816,36.85607865263249,18.121575048922487,78.88038024270158,-90.26654211868428,-4.86032826435615,27.00086811139266,11.7139,12.823771,10.684485
3336828197562012544,87.78893004724901,10.819220881382337,-42.950494286339605,41.5346528322875,-24.734812793629107,27.045147383974598,9.051078,9.534943,8.445812
3897223260297728,46.09613927480733,5.421633751623737,457.35755968331455,-38.16709276272179,18.695589186687265,27.061388004988935,11.923472,12.901454,10.957242
73781873084091264,34.11655865297218,12.378823008823623,227.5668122129431,-219.0827743467313,-20.775607725895462,27.063373914661096,7.7935276,8.204886,7.2661114
148965206882342400,64.36881688213656,23.467227133639025,492.41509792619945,-286.80912943154715,58.57306893250342,27.103943673797186,10.803509,11.572532,9.972313
3298246712499399552,60.829857788946605,7.919438846264608,-33.547840525550455,-54.77381380345161,-22.261441077661235,27.145262582011945,12.467052,13.742759,11.360594
2516587953393346816,36.00091772549562,4.871909709832929,-31.74140399125558,22.205973895142584,-1.5012493958523656,27.17467333068807,9.910934,10.607105,9.136379
35773474098974592,44.11023525214512,18.022243136295284,262.0265920952639,-231.60589894480287,12.58929662356902,27.255710613222757,5.43727,5.7282767,5.101738
155803683873897856,75.99856465394684,28.876331746713117,220.73378601167434,-209.3036417848047,26.34045767737645,27.310056487350792,9.400395,10.00218,8.692378
3290671764578809344,77.57549472125737,9.500561845371031,57.73063494399696,-348.7289558601499,41.305486919805205,27.326068023030746,11.361374,12.545591,10.32216
150907081855211520,67.81837808952372,25.030184267391526,-55.76825897582572,-63.56913605490466,-8.868067984895333,27.3347919813942,8.314031,8.745169,7.759799
3277270538903180160,57.05019334161421,7.146271512388751,175.5958592126714,6.496385242523024,34.98414403725211,27.375047624388824,10.240202,11.064445,9.380949
24262652508028928,36.84617124666624,10.197449744797575,-293.7496168835419,-203.15672458004113,-39.54434709974799,27.382651685005214,6.3194623,6.5802526,5.956432
159685410893202304,69.05473900789461,31.28176457421928,-112.23827201541822,51.452618594267264,-75.33380880311199,27.391402885452223,10.776121,11.662936,9.876694
170733402512180224,62.37214523403211,33.766950609389,196.32156051898903,-17.75014423165039,8.21401703307062,27.425591133817534,8.3970585,8.85226,7.819324
325036807064456192,35.53119398264232,32.599585253492165,16.8621723773442,-11.911951809634779,1.427416625724998,27.49338595816733,11.234112,11.511194,10.804795
170216567626711296,61.55250702400014,32.94729086714236,682.5540375996393,-830.3247915763795,109.87244963981415,27.503166976500253,9.639408,10.210426,8.952615
56858946024989952,54.896402895552455,18.31351201664676,189.6716266508512,-193.66014633019617,1.3122390156274282,27.551070997050253,11.7748785,12.944586,10.721679
49102063289298944,64.58611775665514,20.360670296468477,-53.062248035204846,28.03846378723677,-11.746474726546587,27.56632783519568,10.004173,10.763566,9.184873
182271471376644224,78.95550327524029,34.69975347185366,-187.87876974960867,-86.79586961776667,54.23362488346226,27.60086218845453,11.290695,12.316023,10.324214
42793752764180736,56.478980574754715,14.713159465634133,99.31562360416825,-265.1502662682513,2.4691615364959194,27.605682843345235,11.05977,12.132865,10.068546
3232406925436440832,74.04521094742981,2.932919731451835,151.00017480654788,-292.2048356235614,15.13258128169555,27.62844664361715,8.202243,8.647647,7.6348567
122518310101463808,48.05251823658584,29.85864396438361,-22.338722944714856,-83.74820916910424,-22.18327925416266,27.6986117763088,10.472001,11.33292,9.5877285
22707874346819712,37.76529887464087,8.381625482603207,374.9534454223348,-85.5831379768014,12.094974023624374,27.705856088416155,10.323444,11.142294,9.470888
38017646052130176,55.389424643226654,12.86913900219102,17.74895583187491,-337.74887668757464,-14.09107441846892,27.71866374173048,12.565001,13.786648,11.485202
3239548665775613056,73.98345006057116,4.6696050732890475,133.3899400941456,-192.13027512637424,44.057405010600476,27.74411136587167,6.872698,7.178187,6.4516463
3300315443626615040,62.456296805699516,9.305468250470378,154.86226202368798,-5.594663048934038,38.14362688390213,27.768702799713317,9.628851,10.307593,8.869006
3277015039888106496,57.53732319928717,6.620529457416272,64.70396867614191,-37.98828270442874,4.311408622735424,27.789587041319948,7.5592566,7.9212756,7.076212
2501904143111136128,40.20079258616882,0.8807602621979403,14.253903673969752,-214.3189676720667,8.376256258136614,27.820499063400234,12.154675,13.376676,11.072637
67270462147226880,59.79122772727229,26.47582689798919,136.35951630068132,-61.877494095834834,-10.58233952676906,27.884853167711576,10.852767,11.809255,9.914527
3341047161115131904,82.8488656710628,12.555510608275668,172.01063025062774,-135.36840560742354,25.541512976321588,27.939951178090404,8.18217,8.60382,7.641046
54749017571996032,52.723305825868906,16.465338781436728,-128.801248436938,-69.25051355748772,6.956806081251994,27.943981616765246,8.984712,9.56871,8.298163
3399548494041618816,85.7199945665254,20.03417435042528,-66.56416426532768,-7.289029625230198,77.95786214936395,27.961415074713905,8.667761,9.037761,8.146423
3305512074880681984,62.07747195044323,13.52384982526963,96.28610693259384,-6.8413538276793044,16.274870021364535,28.03045156071737,8.524627,9.009218,7.919759
3220388198192519424,80.85982711084907,-1.3269738626456977,-3.2161013804414713,70.70218820279942,10.533198602897706,28.048731890136715,10.512714,11.376913,9.629517
3430974533525941632,87.44095983009078,27.12019521799135,80.46989961351899,-273.42842479006316,44.33955979267964,28.0745705179863,8.566928,9.044662,7.972122
3235941752239233920,81.20850210922565,3.2537606186513175,268.79174166054264,-124.82280009792377,97.14099399438041,28.152363546741135,10.306894,11.136232,9.442326
102648588798884736,36.366664428733166,24.676903875248353,-89.69422330146945,3.938515925575565,1.2300416405634866,28.21356295161562,11.302779,12.478284,10.252614
65371399407749760,59.447763575777024,22.92443389575312,153.05705019145256,9.235090736344237,23.769179630512248,28.23978552460058,8.635757,9.131182,8.0131645
24340923991956352,36.54656491532147,10.63669248361514,83.62025128472507,-258.15269052046233,-0.11637338289024513,28.25961497513521,7.1716943,7.490067,6.7403474
14560046508208640,49.64731327500981,10.312015052788587,145.75299045201152,-82.83352368562213,15.329111414543213,28.32218074082649,11.410232,12.51667,10.386751
3278991343318911744,66.20586177649272,1.1156506528901828,136.65166985246867,9.000802141684982,37.15302775063751,28.43999976841511,12.049614,13.356525,10.932016
85973326732317056,35.67471611231279,18.41102269631598,262.0466910762452,86.61011408257846,41.94283631680691,28.46649144763382,8.561334,9.061095,7.9502482
3271045756899628032,54.00111593455677,2.159657744848827,234.9411960892707,-736.6771823641992,47.08746599637969,28.50460022888527,12.901567,14.114374,11.820893
3396309676389036672,85.72028483933019,16.22037140692461,-92.75614868539739,17.605146422592878,-0.7325228356775177,28.586274910541995,12.179082,13.454026,11.078377
3287041688283537408,66.31350491205707,8.048834413780504,127.1316880232621,2.025774238691021,40.50979809123882,28.66200523758339,11.569764,12.895112,10.455312
3259758514127331328,61.041791202341564,2.8264146359106057,149.34980670339687,-124.51871104913984,-17.731290840353477,28.696583291743533,5.194484,5.4964914,4.8368974
132922438878995968,39.61364909698261,30.814961500046422,-487.58291718335147,-386.95022119887915,-99.70455084135243,28.755422239810347,7.1915655,7.526941,6.741791
3293060659748351104,70.7297402330946,9.598262096690418,-73.77268177920052,-35.62984075135734,37.413328983951935,28.89166933948686,11.125981,12.186041,10.161189
3349008724813814912,91.24400733702002,15.989739366983404,-4.4487515960097195,-212.65259844719085,-3.998234968513122,28.914087929534062,11.675923,12.955852,10.57509
3343106404659435392,87.88667059251934,11.809125956755278,252.32124682725947,-179.2153329369861,70.39872102197674,28.919890183538126,12.132052,13.278263,11.085286
3408516729352167168,73.92440881964596,20.00077904436752,172.9106637544201,-318.1718754770032,30.236920725775974,29.07200300966746,7.778597,8.1967,7.2421274
216387191178769152,56.65220921360093,31.178560305443188,-174.68755378666748,-180.02506464637935,16.78178461839168,29.092000411113617,12.094292,13.353924,10.998213
3334901543951751808,84.22704820924653,9.289357678762217,97.210520989497,-305.4186110889691,97.960227534762,29.114338494128276,3.710765,4.339711,3.1469374
182461725546788480,82.00400431476116,33.76280129468132,19.81015271719503,-209.52357748795123,12.271467835867934,29.167486890781838,6.279522,6.5565157,5.9055657
3234542451894736896,79.43617588966599,2.6205906960962784,-76.98238368491246,-12.826489100575193,16.812326732284554,29.2007796970499,10.91969,11.879435,9.980012
30872916414127744,46.95733208959731,15.167468370073589,-153.03389009649405,-99.16300516514431,6.242443874334784,29.207580347760413,12.33148,13.517258,11.265178
61689890880210176,52.0112570550938,22.021705559299242,329.1845614801073,-312.4443347077304,-18.155909038783932,29.20907723228913,10.708319,11.615344,9.793732
130938267067432704,36.41823665380891,28.76571127683485,169.41238182310286,-95.89846112681799,-14.279337944826409,29.43053754960465,8.747917,9.293799,8.101112
144357737766691584,67.80786785033844,20.89499080639064,23.112876753761583,-114.20543488124827,0.25287197208769285,29.432396031408,11.67976,12.758618,10.648471
3389374300631883776,80.86504520196314,13.699344160969225,119.471629720364,-143.52078954819902,69.5563915818456,29.437962405914185,9.437275,10.128365,8.670173
149252484358362368,65.71782644078684,23.686955738832758,-6.087762366219836,-66.77342699316509,-19.299752391616853,29.53027683024824,11.749641,12.809169,10.74691
144786577364287104,69.05823410270948,21.536363568164738,17.771586432562483,-42.00852309947568,-6.522665048888237,29.53762442349848,7.410527,7.7721176,6.933278
3445879616230046720,83.25880183245498,29.38811666789308,-322.64384971454405,-178.4771297982441,31.19299207808195,29.620921737742783,11.323329,12.284676,10.380499
3319586682709428224,87.49673547279686,3.8609697755687695,-6.353631794221999,-30.899252057260153,-32.34859346658663,29.80819247679037,11.598749,12.7464075,10.561514
3233007361862146048,71.5689828003803,3.26890850743097,55.71226865665897,30.361064590454184,18.266481221098402,29.8822995343565,7.6409464,8.006173,7.1526165
3294231188658456576,69.30789084595268,11.147895800463115,199.08622106585915,-207.50895575727415,38.38843177293384,29.97994818007887,11.814696,13.068114,10.728678
185773832523935488,74.50041673431225,34.26714356462986,581.6438699574146,-203.27681227216104,39.162239205407396,30.003654029146876,7.9455357,8.3557625,7.411812
3278207077994156416,56.95481132137778,8.069096642062686,-124.70155300632258,-31.056934065084857,-24.044161734015557,30.00813038466421,12.041987,13.261232,10.933224
184786299284219776,75.97103382436258,34.08732705711555,89.36686425007595,-109.29761354184393,25.068100409925336,30.05322718577124,11.136489,12.222455,10.153375
84625634714435968,41.864791474188095,19.371140810080075,116.82240602191732,-158.35132756275675,4.214237933455058,30.10412630498208,7.1730604,7.5101647,6.720532
3430373547343405184,91.17703828211651,27.090830558534076,51.32160165183104,-32.362596974517636,-56.695424309818215,30.146447131497812,12.095074,13.317498,11.0250435
116456668137575040,43.92320387400084,28.129245898187524,270.9440049692362,-146.42446937290003,50.87828466716785,30.237083439078084,10.401709,11.298058,9.504612
6989290475763456,45.1534293371139,5.985381384469226,698.2466222133993,-158.14769524628278,70.98828279405043,30.239096745751326,7.8885374,8.331851,7.3295326
39925023848663040,57.13768691900287,15.201630011544944,98.90801244166602,-86.76841065885242,-43.263415318164256,30.240257605960007,9.144305,9.74093,8.447895
3442723120208243072,83.75454098542261,28.09734763372759,201.2998839421077,-269.74322296079254,30.41563511850425,30.46247174158476,9.561747,10.303582,8.756786
155141949672659072,72.88961419547833,28.63019717884105,93.31714126003406,-62.91944934340955,5.918315477971634,30.604607881847443,9.1384325,9.763493,8.419235
80646364694507392,34.48770765638356,17.763443963194266,217.14671600219327,-303.6112777013831,37.49970936285466,30.618538255442004,12.710973,13.934468,11.627814
108421608959951488,44.5228321216185,20.6685978498407,233.96153130215953,-31.293946119837404,28.130756424724485,30.623708802330004,5.6795416,5.9197726,5.3604856
217334764042444288,55.20655807131413,31.82588553708119,40.57634257055288,-94.25351294175408,8.255601944296409,30.643328331626368,8.524449,9.006823,7.9290633
87044422856456192,34.78624436910341,19.687167911123392,-19.729518764514264,-125.28965020177418,3.0642977022425804,30.725078910759283,6.678467,6.992935,6.2644634
3428622849953494784,86.71970696044201,24.907423176893243,99.44550358007496,-31.154124296260875,-24.42483848068998,30.77196352073675,13.226415,14.617504,12.084349
167241254800650880,60.962998736327364,29.197159666654564,247.08606121496348,-129.00136874493202,-7.614761004532694,30.816561010752697,7.962937,8.390881,7.412872
3223331006703460352,85.6920858218172,2.6767768295302523,253.8443188858715,-526.4621249937021,52.94597751580892,30.852579012382602,8.287494,8.774348,7.6934314
43656796377403776,56.97796996430177,16.7573980884381,280.7429109963966,177.12065384881163,68.2958992481451,30.85775747334329,11.532149,12.598747,10.525249
66945178505314944,57.109718800818364,25.32264962079747,14.92042533469844,-99.0949011561553,-69.26047233296038,30.85883203556204,8.302774,8.7479925,7.73111
3269818736284105600,57.39955137108581,1.3455998602813817,264.77298266068163,-614.7873463607566,-12.574115472139985,30.88370791937451,8.340333,8.79427,7.7611833
148709810947139968,64.27918364935647,22.673128769234832,117.06987670236786,-43.2248377097293,28.124330725049095,30.939828972164655,9.308104,10.008151,8.532918
3413754360367271168,78.57195865898099,19.881961267740508,245.21910304344968,-225.87672429904717,44.12842636305405,31.281231650957963,9.0615635,9.708483,8.334626
3238221658320206208,75.88404979301659,3.3821806910415955,-17.13465022696234,-57.46238494269076,-3.5904299010892995,31.37924984477658,10.610642,11.512964,9.701685
11037726649058432,50.12263151591938,8.45447668194787,226.3236613318554,6.177787970670334,31.07943562744105,31.474888461157608,9.208218,9.856737,8.475225
3447304652020575616,80.60937291291697,31.303392482991843,14.506293676945608,9.888532633434298,44.877376353880436,31.483358174048007,11.530175,11.90323,10.989484
117654650480415744,50.618318198978336,27.15577566189152,220.95326036544532,-64.37460452225424,30.000667925983418,31.500770571050907,10.347474,11.268104,9.4344
3402798414192387328,84.25999468007464,20.728978367997897,-79.6074724429077,-420.1610307809286,-22.978162597954917,31.553579011290225,7.472376,7.8439865,6.980112
27718417553968896,46.380948949363784,11.83091819718033,177.43241828688386,-321.25982549996706,27.110642050978285,31.558222297322462,11.557976,12.795456,10.463237
131483276941461888,37.201732102834825,29.932065774641174,-66.07081572877794,71.4986469843899,41.102332075040536,31.70314363595936,5.730078,6.0655336,5.281027
175712201617990272,64.25584822614618,33.240143427185295,70.46982024549797,-155.28159816497802,12.404358386274613,31.716222942828693,8.185687,8.6717615,7.58227
3409827042271407232,72.17645258322274,18.70778517814521,192.52806121753886,-383.79355050196995,51.71077986778211,31.751101162558918,6.785194,7.1306596,6.320717
3400750951741408768,81.5254965780393,19.03027713239526,9.880338786896926,14.491946570593527,-24.425718871249277,31.781655829904043,11.732908,12.15549,11.139867
3259401379007760640,63.626720172339034,3.0232130424828756,109.78205230744554,269.4561890985958,56.53104170711164,31.875064673904127,8.488818,9.015993,7.851906
6963761190199424,45.962734195219994,6.133515915588168,232.0529297204164,49.804212450112935,24.67746349927964,31.88368741437945,6.7752686,7.0836678,6.361169
150694566874541824,63.63394152535405,26.255410743996798,-40.39116378348057,-116.97639008892983,-14.870996939408055,32.06143975888043,7.0213056,7.367709,6.5567794
3305633918809117824,61.93390091917564,14.222820390725158,173.57334317183057,-156.92206826114406,-18.585663397362865,32.095591186343945,10.115034,11.026336,9.2066555
