source_id,ra,dec,pmra,pmdec,radial_velocity,parallax,phot_g_mean_mag,phot_bp_mean_mag,phot_rp_mean_mag
3.30996E+18,69.02237394,15.68390084,95.38836284,-24.19695623,40.61890701,19.91260585,9.133689,9.590262,8.554814
3.2683E+18,50.79637766,2.490018555,51.26105489,-20.75137692,11.18174616,19.91939432,9.309808,9.793065,8.711697
2.5136E+18,35.10928223,1.589176585,150.6769272,-23.5870931,9.702092614,19.93075036,8.773954,9.187359,8.24101
1.23674E+17,47.09311043,31.47814997,64.89349221,-65.71598743,32.07844059,19.95936255,12.266178,13.332834,11.255599
6.3181E+16,56.09154281,20.49907557,1.275932814,-78.34747772,-32.92030169,19.96737282,9.09768,9.531791,8.491036
1.52008E+17,66.37890308,26.29180226,39.83964348,-95.79974758,8.555320246,19.97433691,10.589504,11.320027,9.787922
1.37182E+17,43.9504325,34.47243233,134.3764151,-97.11804109,32.2155775,19.98806304,9.9047165,10.482188,9.21787
2.5136E+18,35.11510473,1.575841272,151.9933759,-25.50122161,10.5161972,19.99877832,13.516264,14.893212,12.358949
1.20117E+17,55.76476354,30.18939827,175.9428566,-153.3743854,48.30553673,20.03192528,8.362089,8.717271,7.886357
3.30552E+18,61.64480101,13.54905042,108.9472753,-17.17250135,36.43340697,20.03602217,12.440936,13.643109,11.364717
2.52023E+18,34.16917619,6.529325301,38.07221835,-22.09777564,-11.51714438,20.04720341,9.125453,9.622559,8.505285
3.20591E+18,66.70325166,-1.724484165,-38.24080818,33.94861096,-3.969820581,20.04909088,7.8987374,8.228725,7.446724
3.33309E+18,84.40492031,6.111618489,92.78908452,-89.76740352,47.53431762,20.06246094,7.4979177,7.8049364,7.0780234
3.40107E+18,82.30793779,19.04653854,110.2888592,-21.81299951,-5.623968945,20.07230356,12.519911,13.590083,11.517241
1.3021E+17,42.88930953,31.16336961,191.7570141,-107.5196356,-11.47407366,20.08180968,11.267847,12.147601,10.371754
3.4046E+18,84.17965427,23.64632383,-113.3049038,-109.7459428,37.63242373,20.084326,11.563491,12.471784,10.648902
1.10231E+16,50.40457884,8.342034442,86.70965102,51.51912012,34.14692448,20.10220659,12.807093,14.131783,11.679275
2.50342E+18,38.09719924,3.382702679,141.1793912,16.22534039,15.69745234,20.13357862,11.217989,12.097898,10.274457
1.34174E+17,39.27779128,32.89122002,81.60173186,30.33678139,-1.213157582,20.13439627,6.094671,6.378594,5.7085843
3.33309E+18,84.46850595,6.104634284,98.27191483,-83.38414218,43.8485811,20.16848369,11.091599,11.947349,10.210303
2.50204E+18,38.8957931,0.856400555,71.59069304,-54.93987239,12.77735616,20.16945479,12.542174,13.683574,11.492741
3.39718E+18,82.40969834,16.97297544,27.52818804,-96.05740103,16.73342865,20.17302625,12.199476,13.278028,11.190013
3.28996E+18,75.80287905,7.785063312,10.14510832,102.21416,-8.259229456,20.19188024,12.85443,14.086174,11.76556
6.13869E+16,51.82424178,21.11382156,-52.71446449,19.78939483,29.73788542,20.19970941,9.853225,10.379686,9.212061
3.339E+18,82.25932979,10.24897446,115.5912039,-71.13133174,-7.30294746,20.19989579,10.415036,11.284481,9.525129
3.32305E+18,88.24581855,7.899069978,24.26307699,-139.0998655,-15.05421842,20.20107573,13.643564,14.841455,12.561384
1.18736E+17,48.60407969,28.00811135,151.1707846,18.72153115,14.21140753,20.20528664,13.076058,14.310994,11.979637
3.44298E+18,84.68869297,29.64804191,-38.62248913,-66.61346272,41.24252692,20.22903846,11.764176,12.740105,10.80907
3.29685E+18,62.29522246,5.822389326,-16.25746319,-14.37422023,-1.754300984,20.23707185,12.749447,13.174675,12.144748
3.40599E+18,72.50335001,16.41194415,84.0404743,-27.11642681,41.29887154,20.24085648,10.176132,10.829313,9.434624
3.3109E+18,66.94642735,14.41766723,100.4867878,-19.20700251,39.59152717,20.24646845,9.211576,9.698178,8.599226
3.30954E+18,68.49436534,15.16353028,105.9632228,-37.03839007,40.54141919,20.26047806,8.267405,8.718328,7.685071
1.72859E+16,48.66367937,12.26885177,148.4321918,-34.74001853,35.06440048,20.29911681,9.675876,10.193808,9.036044
1.15545E+15,43.72617164,1.648552684,119.7818123,7.349955826,21.35754524,20.32014214,13.067726,14.486691,11.898337
3.31151E+18,63.60735566,14.62497288,107.8139373,-14.01548367,38.04333151,20.33080554,8.289951,8.662458,7.7902493
6.02489E+16,47.90806427,19.72664914,156.0082438,-6.223723006,22.83711708,20.33486515,3.9979928,4.613072,3.4389186
3.42458E+18,90.99546305,23.00645116,-38.28361934,-350.6994062,87.13011992,20.33855674,10.486728,11.236953,9.673551
3.3061E+18,67.37974933,11.22226775,37.80009832,58.87953606,16.38337032,20.35496544,11.610811,12.545879,10.6862545
3.30901E+18,71.62699696,15.47193525,86.59406586,-24.64135223,42.04161149,20.35712957,8.126219,8.481213,7.650042
3.30782E+18,67.87267346,13.90340005,91.3344804,-5.317625528,39.89101709,20.38386448,7.629576,7.9253426,7.2208943
2.5174E+18,36.56807203,6.292334721,88.02996144,-50.51529952,3.796548834,20.40651649,6.677606,6.9083934,6.368092
3.30602E+18,66.1838483,10.77199876,102.7775298,-10.22071927,40.54637205,20.4584796,12.990063,14.321095,11.858264
3.30683E+18,66.422573,11.50336208,-36.16953512,40.13795951,8.196660645,20.46225687,11.046045,11.845998,10.196651
3.21793E+18,86.86597198,-1.54452408,70.92154499,39.72401222,41.01716876,20.46272545,12.705564,13.832469,11.668854
5.89148E+16,47.00671404,18.29674542,-145.3294473,43.4723976,-11.6819615,20.46386014,8.799637,9.260597,8.22732
3.45063E+18,90.73029763,32.6347855,80.63860548,-211.7937328,32.08620675,20.47202293,6.113064,6.366451,5.776545
3.65023E+16,56.84657874,11.4781579,52.41544482,236.4321803,-2.564039507,20.47499811,10.671441,11.391367,9.875692
4.92317E+16,65.38235449,21.0397221,104.8842859,-36.05202515,36.48370368,20.48560185,6.670779,6.9138737,6.3304005
1.0585E+17,33.95247533,24.98022928,-88.46428701,-90.20517255,-49.56362637,20.4896297,11.784989,12.693047,10.5914
3.40713E+18,76.90609665,17.85803015,-72.06192888,27.13300548,17.42721187,20.50608504,11.664824,12.580382,10.742096
2.23386E+16,41.08934978,10.9611708,67.38460492,-56.03596446,4.380074188,20.50663539,10.306774,11.300304,9.335908
2.50211E+18,38.5361269,1.105241429,-23.51483547,47.15105455,1.988260652,20.50782611,9.439256,9.937744,8.809155
3.30485E+18,60.2964038,12.09836994,89.60665862,0.515702212,38.68408992,20.51308328,11.322896,12.2279415,10.42238
3.31102E+18,65.39544211,14.40970655,104.1309378,-19.5118942,39.02481865,20.51987931,6.48186,6.7146454,6.1613097
3.39427E+18,80.86059071,16.98083539,18.41544762,-172.1172353,27.09850885,20.53106236,7.9502225,8.277411,7.5037575
4.27164E+16,53.14433968,16.15326441,141.0823075,-14.69224638,32.8128713,20.53385231,12.9808,14.521427,11.777713
3.38738E+18,80.01889131,11.59066053,-43.87513627,-30.05164282,-13.14810416,20.54160297,11.651452,12.640786,10.692887
2.22695E+16,41.48221326,10.66653321,247.1473454,-100.3929538,18.57534747,20.54182852,11.902026,12.964483,10.898244
3.27441E+18,52.97042192,3.357506068,-45.44781667,-213.5610352,-8.341013685,20.54670021,12.334615,13.610326,11.225958
3.31326E+18,68.40863659,16.76238977,97.96006477,-25.50527247,40.27001901,20.55769802,9.152518,9.623272,8.55924
3.30192E+18,60.93859919,9.502097783,-62.54570051,-55.56214546,26.69790898,20.56100767,10.6901455,11.399421,9.90191
1.57351E+17,75.17468113,30.89649902,-74.84933967,-98.10070928,23.39351317,20.56226796,10.415283,11.126905,9.630487
3.32354E+18,89.85210533,8.669568685,-29.77745375,-2.150037571,-10.13543364,20.56790875,11.5960865,12.600397,10.645275
3.29594E+18,71.92491645,12.233959,27.66456491,-38.75167503,32.2790369,20.57612683,10.02705,10.612158,9.333751
5.85033E+15,41.33741195,4.71145611,69.63027828,-40.83546742,23.16190317,20.58357211,5.963036,6.1400414,5.714676
3.40511E+18,72.38424228,15.88863313,86.73038996,-25.49771622,41.36836508,20.58695092,7.58252,7.8946714,7.1571903
1.45056E+17,67.69135093,22.14544921,-28.14435191,-181.4655328,-17.08817595,20.59014131,11.294382,12.203636,10.404125
1.4679E+17,70.37755272,23.3991125,167.609628,-164.746129,-58.11634947,20.59580624,11.348785,12.24259,10.44269
3.22731E+18,76.02628714,-0.649675313,60.65379309,-143.7813961,-40.72586452,20.60754896,8.409934,8.79492,7.8977695
8.27161E+16,37.5073563,17.78199842,23.14482858,26.66641757,-2.869821248,20.61371132,11.563841,12.75842,10.482757
1.8511E+16,39.12960186,6.453713678,85.05988998,-122.2003242,76.13466137,20.62077556,13.845893,15.135125,12.726634
3.26396E+18,54.74513701,0.796441654,57.59122717,-23.71158792,-38.44094885,20.62285439,8.4613695,8.861804,7.9278646
1.47666E+17,69.4670381,24.44072159,-6.12942019,-227.6691217,-53.00947437,20.62591971,11.231531,12.141118,10.33019
4.80614E+16,67.15553759,19.74052516,102.9786376,-38.20152111,40.22887296,20.62704934,8.430403,8.822614,7.914545
4.75411E+16,65.38495322,18.41744468,110.5552628,-32.28391123,38.45867861,20.64269164,6.683846,6.9300814,6.3378963
1.45293E+17,66.57755528,21.47026734,103.2441692,-38.40750708,35.69723673,20.67001449,7.2235975,7.5159864,6.8228498
3.30949E+18,69.38372567,15.14638116,108.3835712,-23.17876096,41.80386947,20.69057342,7.398631,7.706775,6.911387
3.28217E+18,69.49308796,4.66980791,95.45883306,9.033382743,41.12488839,20.69410947,10.897769,11.727505,10.035959
3.4053E+18,74.79341149,16.0715178,72.7034086,-41.2038828,41.33355641,20.70764986,9.728529,10.278839,9.064534
2.61013E+16,39.16186355,12.20777399,240.8348043,-64.40392353,20.86348471,20.71090894,11.097939,11.954516,10.214865
3.42048E+18,76.09019165,27.12310536,21.40517272,-155.9544671,-17.77545128,20.72361447,9.5360365,10.037498,8.908668
4.27685E+16,53.23960909,16.59801526,-24.34245608,-96.00688033,-6.193462144,20.72460486,6.902252,7.170004,6.529534
3.2398E+18,75.86021044,5.096047141,-186.317613,-183.9938925,-65.108583,20.72865313,11.818037,12.756862,10.879003
1.23422E+17,47.91942442,31.25584177,227.4122237,-106.7791255,-24.73672792,20.72968998,10.077686,10.760805,9.301913
3.42967E+18,90.71927369,25.88396916,24.51347265,-72.56306594,-22.86708319,20.73233265,7.793982,8.046867,7.393719
1.69837E+17,62.68135231,32.93433395,144.3545925,-82.68370509,47.79993384,20.74297535,11.378322,12.309038,10.468291
3.31289E+18,67.24950076,16.15897258,117.1099518,-22.73718217,42.16964039,20.744243,6.431078,6.7274337,6.022114
3.3107E+18,64.83449799,14.31635042,107.992513,-17.7858886,38.44631699,20.7528866,11.991074,13.0687895,10.975688
3.40591E+18,72.1280548,16.38840366,86.62158347,-30.42024127,41.49812981,20.75351343,11.648766,12.663389,10.679278
3.40679E+18,71.90694559,18.25858306,84.65342739,-38.32630803,43.58190497,20.75608284,8.3399315,8.723396,7.828895
3.30784E+18,67.01892651,13.8678568,102.1774901,-19.14216353,40.37882903,20.76128853,8.831254,9.264649,8.264827
3.76371E+16,55.08506399,12.7140513,32.02679505,-118.2477721,6.978342729,20.76552594,12.667302,13.803395,11.62155
3.28078E+18,68.12630402,4.138604376,45.44192085,-170.4980937,-37.69877024,20.76641638,12.185694,13.275172,11.076857
3.2398E+18,75.85878064,5.096317338,-181.6510933,-188.6735675,-63.87101447,20.76690273,11.686026,12.600933,10.759419
1.51222E+17,67.16627928,26.21992054,69.34456614,-38.16732813,-17.68981846,20.7793305,10.356751,11.211705,9.473297
3.30765E+18,66.72688874,13.13810541,104.47952,-16.58412644,39.82296701,20.77933645,10.083732,10.737777,9.348179
3.28078E+18,68.12702141,4.138781932,43.45684507,-170.5407973,-38.45841085,20.78621572,10.730202,11.54233,9.869936
3.40638E+18,71.70646972,17.7481944,86.67446242,-32.39786073,41.7912798,20.7946508,9.277067,9.817505,8.620867
7.08138E+16,57.40021091,27.61663057,2.587624628,-101.4696455,30.76512005,20.7996487,11.216316,12.092295,10.340635
3.30954E+18,68.66687546,15.20896987,103.5623908,-35.76095561,44.68143019,20.80159743,11.546209,12.602838,10.514241
5.03273E+16,60.91322644,19.45486892,121.8441425,-33.26433624,35.72073762,20.81680333,9.774549,10.364079,9.085566
3.31149E+18,63.79387786,14.3983764,114.7122767,-18.3446925,37.62239694,20.82764196,10.930037,11.774728,10.058865
5.78331E+16,51.18205558,19.8822473,461.7366465,-240.5361544,41.95674028,20.82956187,13.100457,14.105555,12.110712
3.61106E+16,56.16557381,10.17695138,170.0730468,-230.6600743,6.356928681,20.84165509,8.436968,8.809195,7.933618
6.90273E+16,51.76057894,24.85111675,20.04523219,-128.005978,9.197596056,20.84191304,12.599245,13.631294,11.602124
1.80187E+17,79.04324042,30.58507166,-112.6042682,-71.91299566,7.517331862,20.84197984,10.869081,11.672523,10.021699
3.23644E+18,83.33942512,4.100017251,144.0504725,-33.28478909,2.882093983,20.86028617,10.055612,10.846787,9.210196
3.30073E+18,65.62563199,10.4345983,108.0372955,-5.908809471,39.4622929,20.8796925,11.837524,12.90465,10.832858
3.31118E+18,66.52006217,15.04128814,101.3991255,-22.62607474,39.09886055,20.89547779,11.466524,12.425738,10.517928
4.78135E+16,64.35531347,19.02977997,112.7503774,-29.95752231,38.02877174,20.89561433,10.348603,11.051074,9.570608
3.3089E+18,71.89761966,14.88898092,87.24069486,-24.27804877,41.61247928,20.90492992,10.928127,11.761789,10.062823
1.09051E+17,45.80720287,22.36999728,26.20915721,38.42754312,-2.644962867,20.90697795,10.408258,11.100131,9.641476
3.28415E+18,66.48932507,5.15016513,96.00872491,4.581977306,30.01971313,20.90884178,7.2080383,7.4908814,6.8167887
3.41045E+18,68.42515255,19.01388862,100.3137138,-33.80792171,40.16552131,20.92213763,10.269279,10.958457,9.502004
3.31271E+18,66.90001676,15.58908876,104.9917977,-24.068642,39.39446073,20.92477767,7.2737737,7.56749,6.867645
1.3771E+17,47.49522952,34.5213754,-21.42995669,-6.543066556,4.520572338,20.92729833,12.517606,13.698764,11.455922
3.40125E+18,83.27850397,20.03426308,-93.56579817,-281.4655201,-1.518196007,20.94460007,8.770468,9.236228,8.189925
1.35598E+17,45.26334932,32.31285253,-44.5001879,-124.58118,-92.56525905,20.94687808,9.113779,9.579039,8.520255
1.61207E+17,72.81930281,32.88845989,-75.32748185,-263.0519523,-4.323586958,20.95353771,9.0129175,9.470441,8.4306135
2.97208E+16,47.68155765,13.6431938,155.6585521,-6.377067406,30.60087554,20.97608292,12.562944,13.82304,11.461107
3.38966E+18,83.71478838,13.95586373,-52.52418026,213.4145505,57.88598955,20.98438073,10.948572,11.715337,10.129312
1.62781E+17,62.80163748,26.49535172,58.02972721,-193.6533188,16.10763923,20.98653748,10.258131,10.913974,9.515299
4.19344E+16,52.77235683,14.9321996,87.65573803,-50.22570075,15.90451991,20.99709589,10.895097,11.752132,10.020865
1.54257E+17,71.924712,26.14986739,113.2344963,-83.79024359,39.41048781,21.00301573,10.151809,10.825943,9.394004
3.31243E+18,67.51380909,14.90357785,-18.4294756,-36.47081943,-21.25793175,21.01923029,11.690509,12.6424,10.753604
3.23247E+18,72.00262847,1.525479607,104.9185108,171.4149017,71.53198191,21.0225159,11.200931,12.049545,10.34373
4.53671E+16,61.56773092,15.69803558,118.9120478,-19.77565054,37.54540443,21.02566167,7.6933208,8.015052,7.2529035
3.34219E+18,89.48066164,11.46734978,-29.0938512,-54.52329067,13.87217182,21.03386696,12.733823,14.039653,11.621935
1.58972E+17,69.48084409,29.87841004,-94.01586241,-87.56953837,-50.9502997,21.03830375,13.260505,14.410413,12.096469
5.39423E+16,62.15144047,23.76842474,119.6285733,-43.26938475,36.04557053,21.04548297,9.189675,9.671883,8.580086
3.44763E+18,84.25486603,30.92884375,90.85303381,-80.9618608,-40.95882056,21.07244637,12.756053,13.94571,11.698613
3.31064E+18,64.44920909,13.66170717,109.2531007,-16.84955395,38.04974232,21.0743091,11.770251,12.812274,10.727225
3.40481E+18,72.64129926,15.08334643,85.04052544,-20.20447815,41.14146678,21.0750461,7.555648,7.942994,7.04433
5.60923E+16,49.5828872,18.17117614,-83.13137805,-103.8358665,-80.20253125,21.09565321,7.3596573,7.7022977,6.902937
1.62781E+17,62.79882228,26.49705437,59.47704151,-192.2586678,15.94256965,21.12515809,10.269859,10.925362,9.525063
3.30441E+18,63.61406676,12.43525832,114.7953535,-13.08249434,38.31881345,21.13052134,7.8784366,8.220196,7.4140205
5.02981E+16,61.35751774,19.44201116,122.0638011,-32.6561741,37.57343284,21.14350054,10.833858,11.653789,9.98305
1.05849E+16,49.36066555,7.65578381,166.3602467,-6.236668319,31.35434573,21.14704552,7.2513304,7.559496,6.8340764
1.06086E+16,49.38731718,7.690127112,168.7488387,-6.31383112,31.89629878,21.15569782,7.6029763,7.9369235,7.162157
3.29588E+18,70.37029127,12.00928282,95.02785437,-13.95632009,41.41296317,21.17398465,12.023157,13.14035,10.989732
2.08929E+16,43.92519793,9.122367257,-0.17607537,2.022846704,8.836674769,21.19818559,12.694105,13.885095,11.624983
4.69754E+16,62.67706325,18.42312085,121.3647211,-30.92866597,37.83549463,21.20764849,6.4867163,6.722688,6.157047
2.49789E+18,43.38096408,-0.568999796,95.27810498,-27.05067675,23.76764549,21.23927089,8.937681,9.365513,8.389342
6.53607E+16,59.12052818,22.67340148,176.8284782,-231.5270633,39.68569123,21.25441897,7.667437,8.033276,7.1783834
4.90056E+16,64.74207749,19.90654391,112.938371,-36.62517869,38.49001875,21.26197004,8.414933,8.805397,7.8986874
3.31421E+18,67.37694124,17.86302708,106.2614157,-32.1287011,39.67952909,21.27483814,6.7800336,7.034937,6.4244146
3.30601E+18,66.70153661,10.87104322,96.52450658,-11.97106426,42.77153748,21.2806394,9.084318,9.669312,8.39023
3.31264E+18,68.24816281,15.8188583,100.3858724,-25.53113057,40.66786685,21.28986433,8.4688225,8.861031,7.9487066
4.7345E+16,64.78387715,17.52463437,113.0013514,-28.05326382,37.84735336,21.29438504,8.270035,8.6483555,7.7627068
1.72846E+17,67.42073503,33.14920212,-18.68219466,6.754481178,-6.215811975,21.3021703,9.488566,10.002539,8.85204
3.31275E+18,66.45569613,15.52115394,119.8472103,-9.433094584,65.32586148,21.30814633,11.374796,12.405245,10.421682
3.31214E+18,63.94336824,15.40060341,115.658895,-21.55680471,41.04966624,21.3157276,6.203033,6.4273896,5.8899236
3.31406E+18,66.35477641,17.91521442,109.6256262,-31.42424122,38.48521766,21.31696607,10.607862,11.382038,9.776768
6.2671E+16,51.70972199,23.25812692,-39.78956877,-75.22565959,28.53568007,21.31943429,9.535162,10.036161,8.914521
3.27413E+18,53.59118731,2.685656224,-0.717709263,-3.80237983,19.15197243,21.32132494,10.3843775,11.076224,9.61216
3.24042E+18,78.50779516,5.382293312,0.523349451,10.21641257,82.99758596,21.32690498,11.38445,12.403658,10.418857
8.3678E+15,44.03145912,7.92235474,186.0472932,-44.03915104,34.94833441,21.33864801,9.61729,10.163047,8.959523
8.30652E+16,38.71583752,18.06141062,112.9125499,-45.8983265,31.21243519,21.34000292,11.9014435,13.018652,10.870776
3.33291E+18,85.00742755,6.059511628,52.46627483,-247.2554474,-21.80672815,21.3449671,8.461918,8.896188,7.9186263
1.67805E+17,58.29544724,29.25566921,62.10564373,-154.8685607,44.76736359,21.37618148,11.706894,12.643526,10.775767
3.23676E+18,82.19691652,4.797185448,43.05440199,297.6668909,56.88684713,21.38373628,8.896218,9.312751,8.352491
3.34726E+18,88.24985779,15.1713287,177.5634054,101.5027654,14.65615335,21.39153938,9.956948,10.585758,9.235306
3.41867E+18,75.73920913,23.56363925,16.55953107,-58.02301099,-6.461021494,21.39285617,12.0512905,13.122258,11.043185
3.31408E+18,66.07108444,18.00278845,110.9162445,-30.79550563,39.44363317,21.40340008,9.645082,10.221438,8.963739
3.31092E+18,67.09796084,14.74089113,98.22174729,-12.12640256,43.5795054,21.41911619,5.80953,5.9974837,5.5409756
4.3802E+16,57.59621038,17.47528732,113.2152463,-251.0329769,-9.176052703,21.42027428,7.334764,7.686518,6.868489
3.31411E+18,67.20173342,17.28534583,108.7624892,-28.46047833,39.0324103,21.43102453,7.685845,8.015856,7.2420945
3.30133E+18,60.07346132,8.35813112,-74.17719878,-202.3892363,-17.94005099,21.43812803,12.814512,14.140096,11.689877
4.89877E+16,64.95472326,19.73862683,14.98479076,11.635552,9.316435847,21.45830223,12.816149,13.327055,12.123572
3.31115E+18,65.88520823,14.67040093,109.3519127,-17.98070129,39.31727656,21.46517726,8.877489,9.3283205,8.30462
1.08714E+17,46.8411183,21.54380606,21.00414854,46.65751858,31.64476688,21.47011183,13.249624,14.44427,12.172111
4.55675E+16,61.93054508,16.5186826,122.3995526,-24.99596964,37.64563817,21.47640832,9.598963,10.155141,8.933661
3.42223E+18,78.86877386,27.88897389,166.5701888,72.50645013,-69.79934448,21.48451954,13.811148,15.193906,12.662684
1.37396E+17,48.2137408,33.28050944,-21.1224937,18.42712314,-1.67585501,21.49703079,13.072067,14.225941,12.018412
3.30587E+18,67.73866599,10.75172046,103.0981894,-10.91162892,40.21364833,21.51554803,6.904549,7.166903,6.5360208
3.30434E+18,62.11164014,12.19179914,119.4332608,-10.94310573,37.56894019,21.53175871,10.702558,11.506843,9.856284
1.25821E+17,49.91812798,33.59625973,402.1909983,-558.5094131,-104.3244415,21.54620473,9.414283,9.8997965,8.789387
3.30997E+18,69.17010274,15.86920937,99.32942669,-33.79581029,43.49405062,21.55060084,6.517978,6.7700367,6.172935
3.21491E+18,77.9028259,-1.855589015,-87.64534801,19.10191236,28.20397009,21.56060323,9.223922,9.722738,8.610272
2.51498E+18,34.31210906,4.016624676,82.60480339,21.43330921,-5.39640797,21.57431492,10.207647,10.860243,9.465085
3.31258E+18,68.64757642,15.50450754,100.8666271,-26.86063502,40.26166157,21.57647356,7.7725115,8.110109,7.31696
1.2207E+17,48.33335831,29.34741029,-3.090115366,-11.17517491,-54.66578146,21.58243527,12.381424,11.539122,10.780548
3.396E+18,83.7060105,15.13910307,35.49850104,-72.78722725,2.682334699,21.59604362,10.463161,11.1960745,9.660952
4.82035E+16,65.05455009,19.23332589,114.5207326,-35.47827085,38.36215398,21.59915585,7.3117757,7.6127462,6.891918
3.22014E+18,82.02666008,-1.669838627,-28.08781778,-62.1347986,-41.15563,21.61027211,7.1694484,7.456829,6.7757506
1.44171E+17,67.81588085,20.13300003,106.4359078,-39.32449987,39.7647921,21.61867325,8.393869,8.785435,7.8749175
3.34858E+18,90.89476433,15.52511616,-67.17462533,-12.47352237,41.52400068,21.62986672,10.265823,11.12414,9.379418
3.34259E+18,91.07243978,12.29430694,34.84360713,-122.6271178,-65.77505723,21.63204534,10.602752,11.421664,9.739331
3.3468E+18,89.00058703,13.94115972,-55.42267584,12.28215507,-7.378282533,21.64229846,8.289732,8.630709,7.8144746
3.25643E+18,58.74208654,-1.262980176,5.746489669,62.25221305,22.78350033,21.64543098,8.663497,9.059854,8.024194
3.31245E+18,67.9326405,15.04101071,107.4063033,-2.469967522,40.40740387,21.66310164,11.451049,12.489045,10.463977
3.31366E+18,66.11853471,16.88605748,112.1347759,-25.50743705,37.70532864,21.66569209,7.6564097,7.9800057,7.199571
3.2413E+18,79.42074829,7.352715644,-0.811179165,-146.9973448,-79.04146022,21.66753155,7.1494656,7.5005937,6.68411
1.46989E+17,71.79107518,24.01981894,92.10487995,-52.64445861,39.29897097,21.66910792,11.50622,12.51281,10.544149
3.3468E+18,89.00217931,13.93462553,-53.66720288,11.76994287,-7.948858221,21.67067262,11.095117,11.899769,10.245286
3.31057E+18,64.69650097,13.3662345,116.324915,-17.43746549,38.87558415,21.67528405,11.270179,12.226091,10.343248
5.37258E+16,62.16786365,23.55713201,123.3236608,-42.06726131,37.75424024,21.69908555,12.558902,13.633654,11.196775
3.3129E+18,67.37957012,16.24469522,104.1787129,-21.07157055,39.41134359,21.6999819,9.927285,10.572618,9.188471
3.31365E+18,65.99689379,16.72146908,108.9410372,-24.50514707,39.10708018,21.71019817,11.728009,12.787552,10.737276
3.83547E+16,58.75658414,12.48554217,131.2275555,-10.22908403,36.31598091,21.72182299,9.766113,10.363303,9.067604
1.68967E+17,61.81761257,30.64858458,86.41407379,14.83892738,-15.13130508,21.72209253,11.495207,12.373546,10.597343
9.87781E+15,51.1190924,6.984885091,-28.79908239,-30.60311897,0.540070923,21.73102419,9.909726,10.514961,9.209018
6.34604E+15,43.16572001,5.715989038,-77.65983762,-299.3627144,52.57907985,21.74226366,9.959974,10.557404,9.257162
3.31378E+18,66.81981669,17.24171572,107.6847372,-31.49181517,40.36951308,21.74372108,12.143844,13.300845,11.090819
2.7998E+16,45.69484834,12.35408878,193.4371179,14.97910083,24.78592586,21.74643319,9.8341,10.447911,9.123746
3.22036E+18,80.79377588,-1.697627042,60.39886037,32.63169051,43.81355148,21.75528806,11.714352,12.748367,10.726096
3.31369E+18,66.66765705,16.74677694,107.6352764,-31.4313842,38.40163033,21.76521527,7.9409018,8.296081,7.466574
3.33562E+18,88.56413084,9.532278713,-38.36297078,-15.21889791,36.93278966,21.7675429,10.071931,10.86863,9.228946
3.40622E+18,70.81583614,17.06898817,89.50504754,-45.11193222,44.19363151,21.77198546,9.511652,10.065489,8.84617
3.44587E+18,83.49858027,29.35991193,153.208734,-349.4001491,-89.88274952,21.79151124,11.8036175,12.8010845,10.829507
3.33608E+18,86.19257339,8.750060557,41.75394985,144.5058363,42.99989551,21.79910291,13.157942,14.221028,12.017
6.42668E+16,54.39637332,21.34306335,136.8704665,-27.21371532,31.47295922,21.79910755,9.100624,9.603039,8.473625
3.4061E+18,72.60014568,17.20251366,98.28871607,-29.54109109,49.62690674,21.80572327,6.9477673,7.2668223,6.518481
3.26332E+18,53.80420238,-0.739415758,103.3067245,-119.6583934,-5.035056165,21.80759656,8.332893,8.743608,7.8064613
1.49005E+17,63.63520669,23.57473658,119.949556,-48.15122204,37.46803934,21.82824304,7.8825264,8.232728,7.4113297
4.70193E+16,61.41589317,17.93759385,128.3013696,-27.37494454,36.57164219,21.83082541,9.030198,9.498501,8.443756
3.31256E+18,67.96910451,15.49937685,105.240385,-24.29489531,40.44317895,21.83669224,10.49827,11.25919,9.680014
3.4197E+18,74.27668414,24.7521111,-7.917350275,-24.28363194,-12.10673336,21.83809604,8.429774,8.813264,7.9207344
3.31421E+18,67.38218033,17.89304143,107.7119023,-33.02850234,39.48329891,21.83941778,8.731016,9.164063,8.1725645
1.34724E+17,40.53056817,34.03497168,279.3227323,83.55423559,53.5956638,21.83990412,12.363863,13.588687,11.278287
1.45665E+17,66.03146145,22.11867878,110.4546614,-44.00152012,38.24891969,21.84503954,10.49918,11.262421,9.678581
4.81978E+16,65.84565512,19.65853718,105.7315793,-52.99282835,39.96709202,21.85015485,9.108309,9.607921,8.483841
3.40682E+18,72.26507909,18.64107894,89.20116669,-39.09345654,41.62523817,21.86668814,8.747406,9.189218,8.18523
3.3102E+18,64.90438601,12.62424621,168.6386213,-18.2068249,36.81197452,21.86716063,9.530093,10.044105,8.897821
3.65401E+16,55.66934785,11.31087411,-10.54692155,-13.65675264,2.197051064,21.8740672,11.504504,12.449887,10.578484
4.77525E+16,65.1051246,18.74249453,117.1719021,-42.95226557,37.27265571,21.87807423,5.9997025,6.211997,5.697445
3.31261E+18,67.93731544,15.62924636,103.7067695,-23.64799168,39.68316581,21.88541465,11.263473,12.244827,10.325266
3.30177E+18,60.7483361,9.207767615,89.56676137,-165.7621011,28.05872794,21.89242221,6.7761292,7.041237,6.4023724
3.31295E+18,67.49101308,16.6727186,106.6246985,-28.40664579,40.13886858,21.89653154,8.853477,9.308189,8.278901
3.40158E+18,80.51006958,19.54544866,107.160281,-32.71617592,24.33289578,21.90263554,11.760363,12.765001,10.790613
3.30679E+18,65.91205757,11.21001677,-38.10277575,170.4377314,7.406913592,21.9065158,12.564452,13.77728,11.47933
4.78044E+16,64.05521642,18.88436676,120.5837726,-32.21040717,38.40141177,21.92444877,11.196231,12.135852,10.284235
3.41659E+18,83.37682723,23.99081021,121.9349275,-69.91617851,-66.12267657,21.92608781,10.922729,11.684362,10.096733
3.3122E+18,63.89090543,15.70616713,120.333918,-23.34671234,38.49116709,21.94141649,10.431786,11.190613,9.615364
3.27162E+18,55.97698048,3.446502713,127.825877,35.26261612,48.48873174,22.00388841,8.737034,9.202339,8.147756
3.2915E+18,74.83293728,10.38596754,83.5822833,-10.47159979,42.91844276,22.01215326,12.811378,14.137686,11.688614
3.41189E+18,72.17597188,21.10080501,95.58461371,-55.77624667,43.64519658,22.01321238,8.8214,9.274342,8.248361
3.30692E+18,66.94246144,11.73636549,110.0848919,-12.42695654,39.09251993,22.02257903,7.3565454,7.6642814,6.939491
3.40125E+18,83.27880473,20.03325097,-88.2294016,-298.6163053,-6.037968207,22.04303543,10.270936,10.923593,9.456462
3.40118E+18,82.2315369,19.72792377,-69.04751542,-332.6006717,-52.59263275,22.08048297,11.371749,12.332195,10.4283
1.45228E+17,68.82173821,23.0448918,-12.34621816,-65.58633191,33.64971541,22.08569,8.689886,9.102731,8.149462
2.50045E+18,37.30554472,0.076973989,147.3869401,16.69089394,16.94103652,22.09533595,12.30735,13.509736,11.232435
3.17765E+16,42.85672345,13.38671923,15.81840261,-31.08728725,-5.815668104,22.10139042,10.444522,11.365545,9.529533
3.31284E+18,67.69550317,16.14853725,114.1341786,-33.76035199,41.39905668,22.11707415,6.3859305,6.6263995,6.0378647
3.30917E+18,69.73924477,14.10547993,85.23855612,-18.59716002,41.96101186,22.11830747,7.795711,8.141334,7.32588
2.21111E+17,53.74957071,34.61025077,202.2415076,-174.3750999,5.32512637,22.12933684,10.296978,11.132923,9.426896
3.31228E+18,64.58083133,16.08823086,119.0142634,-23.33298123,38.63823053,22.13534927,9.28708,9.808395,8.654677
4.73199E+16,64.59214817,17.42142203,108.1076319,-54.89963787,39.28878205,22.14083469,9.593794,10.235861,8.830507
3.26904E+18,49.23007862,3.347620264,159.1401242,-389.9259403,0.452752627,22.14151447,13.031205,14.186537,11.974719
3.28106E+18,71.57870951,3.63639395,93.36575992,13.29460707,41.76950145,22.1437654,10.391086,11.1388855,9.580801
1.70564E+17,60.22892955,33.95403558,287.9430901,-229.2152456,32.13775062,22.1438935,11.531499,12.651555,10.516897
1.81313E+17,77.74571728,32.03890332,-114.3966016,21.7661188,83.17998589,22.14902004,7.864306,8.22362,7.3806305
1.28614E+17,43.07670972,29.01940553,154.6331638,-70.14711618,32.81933813,22.15150845,8.634382,9.078637,8.044803
3.42044E+18,75.43448952,26.67124141,1.017441077,47.71146495,-5.072369535,22.16395407,6.6559463,6.932114,6.254834
1.81319E+17,77.74705715,32.03952103,-120.0953531,25.85834728,84.45066686,22.16825638,8.635126,9.058093,8.07988
4.51599E+16,61.75566301,15.33494415,124.7892964,-19.96740802,38.12084311,22.17996615,10.040395,10.717401,9.29649
2.46567E+16,36.5472214,11.17937803,109.0007998,2.564172365,18.68338208,22.18472245,9.040139,9.50565,8.461446
3.31284E+18,67.21904604,15.98147641,110.6064659,-27.25131633,39.72524052,22.20887879,11.246134,12.21577,10.310813
3.28155E+18,71.86515908,4.476350604,111.4772369,-12.73921759,-16.4901345,22.22367563,11.006291,11.925364,10.07727
1.5715E+17,75.776834,30.77408039,-37.07904146,-148.4258007,20.16390877,22.22816425,10.711447,11.582233,9.812103
3.41613E+18,82.52120232,22.97100688,15.86809914,-30.53253571,24.03488151,22.23318462,11.869706,12.882274,10.888878
3.39309E+18,76.78866945,15.61361764,78.35192959,-30.46251344,42.8068017,22.28311604,12.772995,14.079151,11.652883
3.30093E+18,63.6436112,10.7013628,119.7080633,-5.774620258,38.66526281,22.29315569,6.9655905,7.252206,6.5802298
3.42044E+18,75.44301604,26.65086728,-3.634194825,30.67230663,-10.01850286,22.34344247,8.006765,8.402632,7.478818
3.4007E+18,81.87534285,18.84409835,53.03403777,-346.0004816,-29.54208707,22.35640909,9.312905,9.819833,8.684471
1.02082E+17,39.24127359,24.64801032,141.4107203,-10.67740041,12.89117844,22.36413925,6.9608526,7.2458396,6.5699806
8.72456E+16,34.83359335,20.43794143,126.4341169,-15.06006258,19.0562404,22.36890085,11.317693,12.271345,10.371308
2.61479E+16,38.51597651,12.18070762,183.7130111,-35.56041491,33.97427936,22.39166284,7.3376083,7.69081,6.8824167
3.30339E+18,61.93717949,9.756054988,64.68340884,-13.93959865,29.11026276,22.3931163,11.892482,12.937081,10.844502
3.39328E+18,74.93505594,15.9166047,85.469734,-29.78142741,41.71862675,22.39837572,6.62694,6.8800983,6.279186
3.33367E+18,85.55328101,7.400437596,-329.150242,-361.9719424,49.29605061,22.40071209,10.423513,11.048618,9.696112
3.31275E+18,66.52488591,15.52423393,131.0193638,-24.15087697,42.73135333,22.41212464,7.335864,7.6381207,6.9161777
1.64926E+17,64.89602729,29.79402339,210.0434959,-75.41530013,-26.95566392,22.43062099,12.730558,13.761503,11.683987
1.56206E+17,77.7695421,30.30253881,-59.11916834,22.90406672,-30.85956492,22.44561696,8.304355,8.728654,7.7596
3.3105E+18,63.71690698,13.05485847,114.2602541,-22.72662638,38.95711064,22.44720589,10.223316,10.936543,9.430573
3.44427E+18,85.8057281,29.94736965,84.88516509,-47.06341166,-2.169291856,22.46330879,8.368584,8.779355,7.841111
2.49667E+18,37.76858411,-1.470996524,-149.8207225,-274.2794986,2.228754418,22.46562253,10.091333,10.71698,9.366961
3.41115E+18,70.66373371,20.77673933,62.00089091,-95.83616842,-2.532668037,22.46598095,12.869023,13.971967,11.831015
1.36839E+17,45.3589531,33.35256945,46.60768615,-195.9724632,-4.461545204,22.47048067,10.917484,11.867064,9.981899
1.29321E+17,42.76849642,30.28659812,128.3151945,-32.94774001,10.52516432,22.48031867,7.4011326,7.7262816,6.9573073
6.73518E+16,58.17154351,25.80421569,139.9061624,-51.42005542,35.50198167,22.48975905,10.572748,11.364372,9.732307
1.64926E+17,64.89546993,29.7937288,214.7287366,-71.2921822,-28.97634369,22.49994863,12.692102,13.725488,11.666549
1.8211E+16,40.35821009,5.988199247,79.12499936,-56.61384984,5.749526875,22.5035792,9.820171,10.625318,9.012564
3.2417E+18,77.44153558,7.181654385,51.44629995,14.85272558,35.01178663,22.50724369,7.2766905,7.549382,6.891838
3.31007E+18,70.68189081,16.51282948,-187.2626799,-197.6232241,-4.835060502,22.5151152,10.737154,11.499368,9.916751
3.25046E+18,57.5677962,-1.522466996,103.1670152,24.82713657,30.52365659,22.51728004,6.386326,6.6181564,6.054575
3.25813E+18,58.59439654,1.261116304,21.13967385,-116.8629862,16.07156039,22.53275179,7.816954,8.149647,7.3644133
1.12104E+16,50.15543848,9.033282205,287.961566,-59.25264923,9.444249787,22.53880836,8.272162,8.657547,7.7586718
1.48184E+17,70.03892161,25.59212743,99.05399388,-61.28938264,35.03329199,22.61533716,10.089218,10.858907,9.261143
6.53196E+16,59.21731732,22.4774826,70.66070299,-113.9091927,32.35471957,22.61943954,5.5137057,5.720482,5.2362394
3.30813E+18,70.37408255,13.22112675,99.18070668,-18.64848982,40.39792686,22.64657173,10.488719,11.450566,9.546908
3.40609E+18,72.00405801,17.05586321,66.55572895,-31.95303018,51.37120525,22.6506684,10.40488,11.342582,9.457116
3.29091E+18,77.87367656,10.12008355,-46.03393787,-216.4516916,3.302419,22.70685695,11.148699,12.225712,10.169912
3.39397E+18,78.19996996,16.30592995,32.66804479,-263.5591522,32.2306692,22.72332235,10.1633,10.883689,9.374829
3.39783E+18,84.59621605,18.40982052,120.0585794,-131.1621579,25.35976539,22.72406438,11.876151,12.954124,10.868285
4.51422E+16,61.92550272,15.16268911,128.0352504,-23.51386391,37.93207863,22.73079115,5.9712453,6.1831346,5.679133
5.13839E+16,59.80696458,20.42804912,135.2552796,-36.76430582,36.8400151,22.73484143,12.570355,13.839513,11.468065
3.40372E+18,82.8533106,21.70597082,-165.3704624,-128.149407,5.929070593,22.78166274,11.863382,13.177514,10.749789
3.31296E+18,67.48274179,16.91391612,109.8690353,-31.08750523,39.38302864,22.8213251,11.971117,13.125028,10.92852
1.44378E+17,68.40541889,21.15065165,108.2506636,-46.33696783,40.47478092,22.83289977,10.198821,10.909198,9.411024
1.46678E+17,69.71421118,23.14973983,105.5292189,-54.44209875,39.0812553,22.84532392,7.36742,7.684683,6.9435215
6.05373E+16,46.98757591,20.38988674,179.0204683,-46.09980759,36.18549615,22.8475832,12.290653,13.435377,11.242392
1.27774E+17,37.80512331,28.23456197,-96.93838354,-71.67942553,-29.76212953,22.85365427,10.209865,10.960318,9.407889
3.30799E+18,69.96283831,12.72840862,102.5144841,-16.1818991,41.40866045,22.88963892,9.659127,10.252965,8.961672
3.31385E+18,65.68711942,16.79080942,174.7539656,-15.78389068,46.02404714,22.9331857,7.66847,8.030554,7.1841497
1.82188E+17,77.71475091,34.03199081,265.4735891,135.8088198,70.53552044,22.93916405,12.364594,13.405728,11.369715
3.23235E+18,74.58273313,2.782251565,136.7758619,24.3110692,32.20729262,22.95497293,12.305353,13.524755,11.2289715
3.30409E+18,63.27191244,11.74611675,58.50258096,-89.91497093,25.95700041,22.96153081,12.684345,13.94298,11.585893
8.16846E+16,41.06439677,16.37446179,-32.99344792,-9.954442356,0.851981178,22.99887722,12.617242,13.863362,11.524849
1.4429E+17,68.17491301,20.66159359,32.84398952,-25.83639873,16.92245898,23.00101182,11.389668,12.415666,10.43836
8.92787E+16,37.85138105,22.08773864,146.1485411,62.11607132,4.997635082,23.00102515,7.867821,8.221502,7.391744
3.28543E+18,68.02052089,5.410074543,112.5048854,7.57788851,41.46914477,23.00899445,6.2509503,6.4862223,5.917837
2.12977E+16,44.25236817,10.1617154,-61.17257317,-75.79008078,21.47148222,23.02438282,7.7483826,8.074616,7.314904
8.11668E+16,38.97629367,15.24860297,52.81668162,-52.74153874,-27.53745912,23.03139244,9.237093,9.837848,8.5368
1.53689E+17,74.57895633,26.09485205,90.16740683,101.0601205,12.80572754,23.04609153,8.328817,8.717307,7.8123627
1.46687E+17,69.98840771,23.13764423,101.5482781,-55.50204914,39.78768591,23.06851671,10.749867,11.605941,9.866274
1.48867E+17,65.48337804,23.41805654,117.9441375,-52.0767304,38.73840618,23.09004297,12.458201,13.736458,11.347035
1.59011E+17,69.85091439,30.35257587,64.78755878,-53.20200107,-3.684697539,23.09035106,11.195754,12.145704,10.269293