source_id,ra,ra_error,dec,dec_error,pmra,pmra_error,pmdec,pmdec_error,parallax,parallax_error,phot_g_mean_mag
18528454555539328,38.9502148666141,0.18606430955782657,6.604479718180832,0.1530161347426625,302.79972378835583,0.18504893345913903,31.44367628500764,0.12821125380834328,19.505630184432714,0.23382391247190962,10.052871282357746
3422190015438259072,78.94100787059331,0.6533013184684997,27.741022524121835,0.35456936826051855,3.0389286754958995,1.2253642214878409,-58.91584479900577,1.8979370883002582,19.525350227119862,0.8425316696609443,9.67457029598342
3250538451996909824,55.293451651867926,0.17719194907412356,-2.827144441172751,0.11866359533498333,-77.03713415019152,1.7106842908997952,-136.0559380029369,0.6508805378795834,19.531640574694297,0.30793643327916487,9.780300257839048
3116883777034077056,94.78361751112762,0.22716584148794472,-3.439164683857464,0.222394148355281,10.730038188905281,0.06672949362337696,-42.05241403004322,0.04626717223725222,19.532508698213704,0.29028158873457377,7.671044903226978
3263955173915334528,54.74512885073359,0.2995959467390122,0.7964447473853611,0.13482119744874943,56.336162289888954,0.07043208402650551,-18.991543852330352,0.04836887443086266,19.55896416584991,0.3783620381998583,8.406175251855732
52548237672091392,64.13996031447653,0.21613599292765306,21.9073076423004,0.12218301824018837,104.68007266597787,0.09976337784868815,-38.405610528056165,0.07392829942208004,19.563461653182525,0.24582266893120347,8.86739682637883
3256652630000141184,58.76541076956987,0.203216483906682,-0.33008673567804375,0.14203775562780183,62.83947503903954,1.122013880428756,-126.90665890788564,0.7514025113147184,19.565292192329103,0.2539179841131918,9.982083854588225
3205907591397908736,66.70325671331646,0.21953653631827053,-1.7244885042919467,0.18816292922667696,-35.97751205552371,0.06009546589415942,31.042258438444676,0.04952540435775962,19.57550985584029,0.27761607122441984,7.866837738982909
101478532333055232,37.28141976819173,0.20991619379038814,22.867214261665325,0.18076289668057857,181.87182268570504,0.1763267614218022,-210.305028129765,0.1426791815753054,19.585266963389312,0.22209343123099407,9.096294932960927
3249271574083446784,53.82929527123185,0.5258305586038944,-2.835640189780767,0.3677985602520348,-31.85654648718813,0.9615538220587129,-58.05586510369508,1.543817561785376,19.594979067377604,0.791859111210583,9.48171470218728
3232728528290662912,72.11525181874813,0.5468876123100372,2.7156706574099014,0.2740049212930615,5.483836121664881,0.03341242145684493,80.65923156060559,0.022319042281535115,19.608612028956372,0.8934775890299465,6.232075891552807
3399945383378795392,86.63613347378947,0.3739308607002136,20.30368420583941,0.3816327526962882,47.939006383845545,0.6818442853081327,-97.07349792612689,0.6523303241254621,19.618208007317595,0.36523414476322413,8.416070482794748
3389321489714045184,80.67804932059342,0.42349145481759165,13.22888285469123,0.38617600049002165,12.169036226259108,0.07182788171310105,-46.84982026304641,0.048079523391384785,19.6222241019458,0.507798019103661,8.901969981000907
3310876798270577792,66.85602698442572,0.5128661105120631,14.260583575278849,0.2629402500979304,96.92481581751298,1.2750443541772905,-11.372873187296879,0.5187732291118895,19.62490229637907,0.38205482484793835,9.943838880418983
3271064856618462464,54.70409424977935,0.19539895701185286,2.274198213043504,0.17984563443171678,86.52336171609758,1.0260437860567777,-50.95864453468748,0.6167039613653922,19.674528835216893,0.24645606348062996,9.063100803327483
34312631166803712,44.992010124553666,0.20850662172411438,16.56293450258071,0.15279103908843336,-39.74830531495033,0.6756001392225762,61.83510135968761,0.30250348839302016,19.67464069927397,0.2535298839441942,10.665787605363333
144121235389832704,67.40473118581176,0.5312415637142652,19.639272422619563,0.40459678904236723,-45.39880399281487,1.1792309468898348,-60.57862663451222,0.7591421607250209,19.68860162813897,0.3890387645966981,9.070515007478203
60684348839821696,47.80927567105792,0.23603472912379364,21.097137801164163,0.2368065951838951,-3.6454123619372725,0.09143913668568701,-53.22410019105928,0.060040804266348904,19.697521394538114,0.3090517345922306,8.283290243784002
3201681240500095872,71.56320778652676,0.2371114628982421,-3.6978028396137628,0.2686018840257205,32.59825095440879,0.5978119733066075,89.72342528326999,0.5152310785992952,19.701809679727663,0.25366988972542515,8.518046418858145
110365094546179200,47.80792608388351,0.2320266255663209,22.415343055393123,0.15952095118098275,55.65611823178382,0.10972189540115802,-125.19333934503354,0.09040131929906145,19.711223747884276,0.2401463208578516,8.2831393004112
3257985341172220288,59.955100026782496,0.21000388417697755,1.098366837712627,0.15359974491543105,-43.70788375625717,0.6453152652779083,12.607580608075581,0.5926261910349798,19.711707997345023,0.24716390152792028,10.115929196575442
3448005414585907200,84.10413671468274,0.7702315522542528,32.003361085583514,0.7408852004831227,-11.005226757410169,0.056068037714131304,-45.536038461153844,0.044051143830344676,19.73540568667535,0.9487661970474213,7.817010797473902
11279889789590656,53.30501627485282,0.18628961719872586,7.4525682590719,0.12336967633731971,-65.48709666153819,0.3293867426238,-70.82362797011194,0.18470357699691065,19.77843881028582,0.22367085248806456,10.612766115912502
3450496598697343232,92.46235095990703,0.45880399503865105,32.496643697977845,0.4031451932490188,-65.3461623215032,1.590309698649815,-32.214143694253174,1.4588021552184285,19.79661809521847,0.2858876872472591,9.602799939324662
3373723233647632384,92.42437377217564,0.1605222291239247,19.092165520386608,0.19770257589679058,-31.722595277061444,0.14314287818194474,-170.4302124856207,0.09974831949176832,19.804211128807854,0.24912865767649855,9.56569635690985
3406943087694799744,73.09839671164839,0.1970803942126719,18.996760694614665,0.14989545807537205,79.24230951628802,0.2591471662801933,-35.212523402835686,0.16641546947042854,19.847276231107813,0.21675089900922168,9.846421287012673
49365082792386816,63.927308774454005,0.3551060124420455,20.819651183487238,0.13325503385032736,109.623843777029,0.05700897372559333,-35.15067443556937,0.03534105278313094,19.869505055208577,0.31618234950328533,7.5998963380867615
3313947699887831808,66.09324048719263,0.3288705587277193,17.078843560195775,0.1484092181289909,99.90860386823557,0.05518694989283073,-26.653167265600437,0.02695962405098398,19.87859559956194,0.31628301899014716,6.82761528338046
3117665839035675392,94.69236742695828,0.24563206583709318,-3.011751218070662,0.2514726786902861,19.19698256079876,0.595302059442871,-60.383929831138516,0.6844102564330722,19.89142765463641,0.25024593742435297,8.172709293836036
3413223223234482048,73.198510380436,0.8019482731411152,22.64708243647043,0.49664711638453996,73.0284256127382,2.6005610697461496,-52.018802916797235,1.831349480380694,19.90177016594132,0.3730662412990531,10.849266585124937
63181030508466432,56.091542639406065,0.2748288670086282,20.49908654354798,0.15225643797373023,1.1748768504988742,0.7977648275318412,-77.76121342980629,0.4181621064054297,19.92584398499408,0.24456449022560536,9.0201674810674
3422004885166814848,76.55799952892525,0.2914299092666396,27.532388398567203,0.42289008734973427,27.98207917800155,1.087234090825271,-132.47134591105964,0.7703347459711691,19.93874651908429,0.4982834938440604,10.022312619872498
334156701966277376,40.58773129223349,0.3227732922363622,38.62209618366292,0.23700934393438197,83.13533359661612,0.13946951529556503,-107.41181117929024,0.07936220088601224,19.956136501749878,0.35957209863817546,9.848679865887476
3309956850635519488,69.02236016853156,0.2336996280143834,15.683904334049787,0.20804666911842504,96.04761220952565,0.705230140585086,-24.18323387804221,0.4038127073233468,19.961501991006166,0.23975417641935967,9.070844622322966
10456321220416128,48.78384652887784,0.20545814050744332,7.1009143647022,0.18030019550281529,45.52560363131931,0.643585915029043,-26.266297966281623,0.4418777038656545,19.96563406057707,0.23848939126415558,8.665914029416037
3262436851436853632,51.29716463915802,0.21101425641593713,-1.7311098459867242,0.21772066437028015,-106.39938215098948,0.6172360298882933,-147.09163346188174,0.4949084032659503,19.984155120926655,0.3173469426198685,8.757872566561684
3310615561179780736,65.2201271123689,0.3067039987239961,13.864374411314714,0.22125758838810786,106.0626457019835,0.03344892673904897,-14.604518857656853,0.024563487182345942,19.985202855333576,0.4194155714725107,6.023073205593622
3405220084257276416,72.70262587134033,0.37036562753392693,16.210341606091454,0.25302687490291575,83.0971629433241,0.042568290820280116,-26.25011664768468,0.027301580710573557,20.072462510089427,0.3313715437036775,7.134616335183697
188799374988669824,79.11333393529075,0.2101002287218676,39.8574172102866,0.19085220369118272,-0.9525504113883976,0.13971793191493018,-182.59852661048708,0.08287793488070783,20.10268006928041,0.23721792188016774,8.69887875187461
145325544220443904,65.84348635014562,0.23824876021125876,21.37894006940663,0.1362364553228882,99.3743816948839,0.11110134343105871,-37.93542068509716,0.06702450581102087,20.116013228878913,0.25076726258879906,8.586330689473261
141653587700246656,41.099858391524215,0.1905230610176718,36.886287396322906,0.16916779308719698,205.08823059271208,0.22787310494965127,-185.6176573604044,0.12338090989995847,20.11767454491339,0.22473006868573273,10.477091222460984
145056026431851776,67.69135511546902,0.42805165442721327,22.14547470145207,0.44021942268333286,-26.573636582524138,1.2458691701993252,-183.11593362970413,0.7874614260388866,20.12636345780157,0.4131183143175034,11.188987778650596
161788841059992960,73.73438906530838,0.5932614766259241,34.168489521422615,0.5469364537956084,-64.20498337616166,1.3490616612409068,-58.54802373118173,1.203537177892004,20.13419427049164,0.6397087881505981,9.378660590495102
3293752385704639360,68.62630754768288,0.4157614210888776,10.016139713818802,0.2886324017543765,115.91052180670846,0.04831985674094257,-67.92167184650467,0.030727157884220375,20.13947839418824,0.4847745179960954,7.5247188932283535
3424577330058654976,90.9954688943731,0.49909839673883605,23.006500076075152,0.4195485284567066,-38.378727502453856,0.17624798339750164,-350.5851820735466,0.11100618620216937,20.177466823721083,0.5909740874123002,10.368395888094941
152008410253381248,66.37889692233229,0.2207368144405112,26.291815637769997,0.12390448985534734,39.88455844254057,0.24354868741423208,-95.72569971659766,0.15513135094513228,20.177902367215076,0.23389611058311638,10.47671095339206
120116560093745152,55.76473530636661,0.2959711602263803,30.189419652705347,0.17769763303378036,176.2808649097359,0.6511700062476236,-153.13824978847893,0.41426056749931583,20.221108251391307,0.27649259190985964,8.322994953254806
3268302264934338560,50.796370592715746,0.16207943514506085,2.490021541392889,0.17567675099279378,51.281408290179414,1.096989047166675,-20.826269751283114,0.5876653987881281,20.243997842736633,0.27672133515152625,9.23482547761192
81166807355915648,38.97628573968552,0.40296198105598213,15.248610578019047,0.30598153197985434,60.4552658949452,1.0632683811380264,-52.60264208181154,0.6215199641124444,20.255083199431688,0.41397531170581975,9.149399321850083
47965438847833600,66.23848292942128,0.6487352873290039,19.04186487485938,0.4250032125087626,105.18829899466111,0.03702790731637879,-34.4853998054698,0.023760772502574034,20.283102946324806,0.752363892942154,5.870505214925011
3295940654362465152,71.92491223543094,1.5039630830527295,12.23396471895077,1.1595024285482811,27.463719464789865,2.519227285593044,-41.11962722770782,2.679044545111711,20.287442192051405,0.7999303489373039,9.9438965984492
3313259165090609280,68.40862242098031,0.2856028922800464,16.762393446108078,0.22342979469903954,97.93762098555192,0.6465047564795908,-25.17302997571216,0.35015556393548475,20.305989940900442,0.4225335600146927,9.08037881793221
137182114427992704,43.9504100542328,0.34749482384092706,34.47244595924129,0.3257410258882516,132.64252475986328,1.0958305491618066,-97.33416342286165,0.5458657047008555,20.31928622206186,0.6006030446505335,9.822005712938681
61386868050158848,51.82424963842534,0.22300763142101404,21.113818933647142,0.16165560326644993,-52.89081307649647,0.6652518716176808,19.994654276123924,0.399550384116697,20.32763136033915,0.22533667969237473,9.77209355999361
2503420266567027328,38.097179657994374,0.22944669922577487,3.3827004854194547,0.19822099756483647,140.68225267074112,0.2346914211989108,16.511088411663195,0.17628871009559996,20.333488748761006,0.3081487179830597,11.068245840027306
140499650247210624,43.25789533806644,0.2929309963355948,35.63630342161123,0.17382151537859972,337.1577348195923,0.06785924641643978,-188.48602186809273,0.07183981661666404,20.35200719899355,0.2641321247360159,8.090643641298179
3225408151671017984,75.16581061831593,0.3629018505796015,-2.0660393971835047,0.29921389682303606,-13.386140373171722,0.029741602953843056,-2.1806972679075187,0.02348934294315119,20.355111774557002,0.6142308221495658,6.239965789719722
3310903736305456512,66.94641297774022,0.23090405753488105,14.417670032319155,0.12333106605578738,100.50729172994689,0.15428588192715784,-19.253776702639197,0.07544212539469289,20.383206880228066,0.2682315272208738,9.137951777901968
26101272172092160,39.161829394123984,0.23582725901875154,12.207783096620895,0.20845897631933336,240.67529562993337,0.1909477682115549,-64.48572917230894,0.1363695334869293,20.383739875496488,0.31685266385133043,10.955850032461074
3450245806967347200,90.2557921874829,0.1879200272550017,32.22434836514177,0.20982252677905924,26.537932358110858,0.20664149279289779,-172.7824220494324,0.10432790386827065,20.406416829037568,0.23336918766813564,9.338218230235118
3333089303973611136,84.40490743049662,0.18833245431455642,6.1116310140547245,0.21535828308174118,93.01768227763084,0.07040449049606017,-89.68962238367924,0.04519380375567147,20.414042458664355,0.26621537652977334,7.471323990720922
2495910773944579840,39.74449682343456,0.2173732181538403,-2.5880866412890153,0.15603915221023046,34.622747271542295,0.12824930978649507,-179.29755436714754,0.12513631601985373,20.426220416044735,0.22089655713239528,8.889503086305389
3311024785663873920,65.39542716508377,0.22312284949691585,14.409709345955884,0.16038590784433077,104.22980079591738,0.04122336271273131,-19.132486891558152,0.029418405079343624,20.447622181884974,0.3541477025184494,6.476665354469954
3399695038324682112,87.52188070885153,0.39646896082325156,19.938154739023144,0.3525733643333911,-17.70024617799389,0.7196256174501199,-32.54314239665236,1.1133530148274102,20.45246843354295,0.3922149793073958,8.917199570423392
147182172683187712,72.30449704882314,0.2216023825042852,24.80261972906344,0.2170239126656604,84.70295744428492,0.10407932844417157,-52.916632104717515,0.07043921717107349,20.46616322232578,0.3112677783091804,9.134032514660241
47541096078933376,65.38493716942581,0.7048590653906207,18.41744921820288,0.30393046003513535,110.61037904262614,0.043904906354701935,-31.865155861072132,0.025100364624298554,20.467775766734114,0.7614745710375117,6.6697019990451665
42768528419668864,53.23961267901364,0.24510880950309327,16.59802880950835,0.23890245625548934,-24.07926029157906,0.04106704662297817,-95.98468247335475,0.020286010449716042,20.484816371362417,0.35709787422152733,6.884697614464432
17285868976879360,48.663658267344594,0.3470253361837998,12.268856775052383,0.18707777911077478,148.15950556837998,0.8225807715187292,-35.17638909180711,0.43340211304895365,20.51961180718433,0.23323229573632684,9.597197922085435
3227308623164447616,76.026278684082,0.1894161234699117,-0.649655218092907,0.1719324516551112,60.47679457597041,0.07834820908191245,-143.74339753079175,0.052331109904296555,20.554175819311183,0.26075352013906716,8.35641666727835
3311514205777562496,63.60734023376441,0.24103377775773538,14.624975200111805,0.1460306483515774,107.11582403340074,0.0875325719334392,-16.2992022359532,0.058471211302754546,20.55807381695676,0.2753948992441831,8.238166186927344
123422035644448384,47.919387096183854,0.7194279969342392,31.255855681608256,0.39184441185756674,228.40256263895424,0.1077592402182199,-96.44445074834616,0.08157567830898685,20.558836246649452,0.7856247541098912,9.972600938796072
334476281892582272,37.71674643406315,0.24978637413550758,37.90052893940538,0.16670803110907748,-50.08859513171918,0.6486973183523654,-12.113095355346864,0.38934193134657363,20.566491107460184,0.23095434341883345,8.463020193816725
3405988677241799040,72.50333779596959,1.4667070880291813,16.41194798803364,0.7421767350541238,84.26684514634073,4.610696452607139,-26.90663920278427,2.6830115759650166,20.574983863942514,0.29632910912374094,10.086694959091474
3250710972242861440,55.19919681143555,0.2164490122939592,-2.333604635696297,0.12974452152145396,374.3940559196069,0.03918184510769464,-220.9066121254396,0.02821479502938099,20.588084342498107,0.2961010595726165,6.611876183365403
36502274213891712,56.84657141914981,0.26392369378038405,11.478125199813041,0.14494680388629425,52.32222653842981,1.4822009870216426,235.90079951823964,0.739433941062924,20.63012219193503,0.2346583263486648,10.571052750535806
157350696736329216,75.17469332074334,0.22934439564442116,30.896512702137656,0.18400532851433404,-74.72424514950464,0.2850777634188433,-98.06384032139263,0.20270957531523232,20.70337281373466,0.24730637528565327,10.307280794169912
58914822313778304,47.00673531885493,0.22006376185083182,18.296739502716736,0.16713969445545163,-145.6314554802359,0.6784948903245865,43.349465193266745,0.33882438835704226,20.720245394349956,0.2249579427871052,8.73211597265037
3301922547372695040,60.93860807643768,0.27607202544309856,9.502105636656218,0.11539286720791586,-62.778157032855134,0.740904532361005,-56.06765932218086,0.4252621671268883,20.75520126012863,0.23519649823967737,10.589116626662875
2517397842491320448,36.56805979509486,0.34836071928236084,6.292341738400037,0.27435417560661735,87.96978319179772,0.04179334331254791,-50.35282831569532,0.025687556986195285,20.76360344005802,0.40811952260022033,6.6692402224453
3307645127438373888,66.7268738921239,0.20124790529263745,13.138107845306891,0.13810390582157747,104.51474204480947,0.2238967352905799,-16.503021779772332,0.13038916348655571,20.77762609128902,0.23641693870604122,9.999126067022594
3261733198354195840,49.16979307101582,0.2655498872334506,-3.5304617533197,0.2433162883068603,79.25065865490305,0.03555570595617845,-47.254920384997156,0.03128175696531912,20.804777996523843,0.3629095431983661,7.3239468142093145
3405297324946333440,74.79340118128918,0.6038803423004531,16.071523482289287,0.43701279889357614,71.68102933597697,2.00577549205083,-40.29373475213408,1.5255143578401622,20.81111951301106,0.23198301730937565,9.649702593393105
3271622755690871168,55.97696239492896,0.35010982530544743,3.4464978828267867,0.1875344141120781,128.76702613324545,0.7976441802739352,36.5405113359842,0.6879299435343731,20.820166326457606,0.35110211679110775,8.667008479427619
3450631804267045376,90.73028437133131,0.2935226570145986,32.634815091468504,0.32466796113369367,80.2841839967704,0.038968280686675495,-211.61250650870306,0.023224083939695474,20.82452108106313,0.2995288072131821,6.097601447243772
161206958890686080,72.81931542130452,0.20632278464080936,32.88849660570766,0.543938027746884,-75.22360262097712,0.07281853203138627,-262.93189003296334,0.056145011894022205,20.826274531050984,0.6940611691589881,8.952116136742795
3444268140205078144,85.80571343108348,1.0237480776559855,29.947377849225543,1.0605663151681923,83.02548166002724,0.4906408801934027,-47.57794881918317,0.5802801037704012,20.835374944513127,0.9767587784193857,8.313234884782265
50327292903510144,60.91320847306402,0.2941960260856317,19.454873631354282,0.07927887685112844,122.1538294970969,0.17681962016500413,-33.416466111776174,0.11929007652934227,20.85894618338443,0.2637912240342751,9.70099141435848
3282171745125201792,69.49307460471893,0.40464824371957764,4.669806758828722,0.3879905589708821,96.0730851458413,1.0898503623678915,8.3286755673895,0.8172434293843086,20.860774749569703,0.33520712278879666,10.788153786962445
3312783557591565440,66.40595649490527,0.6401128990453778,15.940914860495226,0.37646809611125215,106.88477283183482,0.05785761382015535,-25.069830603162032,0.03144586717478144,20.870193673043637,0.72243741661171,6.2971994482690725
3405113740864365440,72.38422977011992,0.17445418721884753,15.888636792820506,0.16913800203978005,86.74349538288861,0.06823394065525283,-25.500949162056656,0.04911150283431997,20.87882240544266,0.240192687314661,7.550180510717507
3307844860597241088,67.0189119169972,0.21410305171883187,13.867859574802925,0.10375201837985869,102.35722752379047,0.15667988805350994,-18.991969402066307,0.07573785001368019,20.879133149508448,0.23622615659914448,8.764392287867945
49231663928585344,65.38233901811181,0.35161360074803855,21.039727254143237,0.2347253348515391,104.83877157669313,0.0401972298217514,-35.98541886320323,0.026740198811604877,20.898653787749755,0.3685244777503382,6.660897005771886
3304412597612195328,63.61405047791578,0.24209328281998416,12.43526027944727,0.120534068744414,114.82470630203264,0.09250909129031984,-13.057776541816992,0.06040498820824495,20.921866156946933,0.2727204961238684,7.839895365701132
3306303998130681728,68.54685024676685,0.9580938723487187,11.557861899521672,0.6192892312436677,96.16617401276241,1.946826595069924,-21.64196177436436,1.4698627806169682,20.937591302207263,0.6286688556424763,10.933207707954502
3024151069422658432,86.9681496631644,0.2672120246066893,-2.760731484388246,0.3249004236387202,-35.69993376290159,1.0655060711649866,-26.291483690387704,0.9835540606178902,20.94628929771563,0.2702897638335972,9.033348384697138
5850329572710528,41.33740232931922,0.5100728304548008,4.711461882463655,0.4570781008674695,69.84606307931004,0.030667724369660858,-40.69932278208761,0.025693856379221232,20.946421867888063,0.7394170830427325,5.9675531388037335
3280777976698520448,68.12701533861981,0.22755817066724748,4.138805694815975,0.14853348522783277,43.57652529997788,0.29392851909150824,-170.67154919107824,0.23120303267797318,20.96151513572364,0.2455569408850089,10.614870081012025
3311492799660064384,63.7938615374625,0.22736005007878585,14.398379033792155,0.16389242533339216,114.40556163156927,0.2971789066008812,-18.31521070719463,0.2224495438188596,20.968097770494637,0.2340781544267648,10.801711261568258
36110573196404992,56.16554977487744,0.2219607139165749,10.176983527948007,0.12630123522385417,170.09551764804453,0.09664269254258259,-230.71326669162707,0.05268584515843741,20.988745916908467,0.25989358350923675,8.390889194627828
3311179335766914944,66.52004760905564,0.4642367179393735,15.041291343110357,0.28599960288165593,101.53467779886633,1.2046215861194767,-22.618072153065743,0.6501545206392257,20.988899884423404,0.3616611935684557,11.325940276314931
2497893571366280576,43.38095077454372,0.46442827030584366,-0.5689959856850411,0.28293552953705986,94.92583039728214,0.9521390043134818,-26.178578239365855,1.401221752421379,20.99702812833483,0.5582294439048958,8.87244895446472
48061405596787712,67.15552242282577,0.2718613387625762,19.740530557368167,0.1312869782306449,102.71825242148034,0.06666776435168417,-38.125396627182155,0.04219948083790084,21.00615929291583,0.29950292751744845,8.384304768491521
3410453484725565312,68.4251378731519,0.23748523516552197,19.013893419758155,0.13549767253674436,100.10909194726455,0.2118866590962801,-33.76675361753651,0.12365936122759152,21.01855756692514,0.248353116444958,10.1663626148665
43789768566924416,57.60458308608385,0.5024898077545402,17.246415749410815,0.12396756684424519,127.10213623001007,0.0885151487652053,-22.28405018570609,0.04034393971769073,21.026231803965718,0.5154427162407539,9.125911711345193
3306830939077809792,66.42257848672527,0.4206250866674798,11.503356455017837,0.1805232961242254,-38.082419686223396,0.7737359194113975,42.60768535499203,0.8599813133776575,21.033077553589663,0.37505202053701336,10.92240187389699
109051246870008448,45.807198888750605,0.20270058826485166,22.369992024087026,0.16401823670908017,26.3432386863799,0.2512189514362116,38.36068075683376,0.14021402062317967,21.03775926387341,0.2200377097374534,10.29630432223162
154257255129157248,71.9246945070958,0.24316669227881937,26.149879107249593,0.16830573825704606,113.42250664944459,0.1796103133395837,-83.83335220852572,0.11525541099344012,21.048441263451874,0.292253755028813,10.051938481783683
3430305888720188416,91.99621797821692,0.19077402046155267,27.427836362377143,0.22079567324808186,25.225993629083604,0.06607860369113555,-94.21201509603144,0.04240873124738818,21.06764839163305,0.2862103294922248,7.833402620863293
184411945636811648,81.40224155673245,0.5700341416887226,37.11827930735982,0.44509030501873853,18.062884243006337,1.8013004419280958,-93.97967459504972,1.5344770002995924,21.0890489543093,0.2329316134835372,10.209310417081314
50298121485861120,61.357499803378445,0.3634986586103756,19.442015782889708,0.11430231888181831,122.02206644506794,0.24255486892185238,-32.63582365807811,0.15602047563291033,21.11162737268542,0.36269584685349776,10.728263227860243
3312709374919349248,66.90000160908953,0.34239794320877776,15.589092293402937,0.16007326074314138,105.20350231301757,0.056324005116494526,-23.801456270055418,0.03386673450371299,21.129225545098812,0.39036010695552614,7.2469532608907485
56092341605703296,49.58289937124217,0.23732805577236724,18.171190702710923,0.1703451275026816,-83.23655261477553,0.05463972542444337,-103.75082971658097,0.037524527938783886,21.139401433658357,0.25790108340293616,7.324403271519042
3404812680839290368,72.64128676355408,0.47473355220559105,15.083349541982964,0.34570798399552055,88.97762140882557,0.05452343580913328,-23.361789831168636,0.03679785731133529,21.164914357980216,0.43148030093931083,7.516698593421438
47345005052090880,64.7838606657426,0.23051716274434975,17.524638378564774,0.13565423729425383,113.07397492407321,0.0854898903031381,-27.78197254073612,0.05563156593409527,21.171446001499653,0.26104836438012735,8.219867776642559
41934377050964736,52.77234436146239,0.3215967595517152,14.932206744035259,0.1977691061997499,86.64758006546856,1.00998461157033,-50.73044821416232,0.6386587492936876,21.203008412289375,0.30921255972871364,10.76767150309035
3305871821341047808,67.73865150997344,0.2980132909563781,10.751722136536603,0.15757996822849352,102.9851341996178,0.04149221844577079,-10.818529013966838,0.018034440381315724,21.203141220128675,0.3629456267776533,6.885657848183108
53942246617146240,62.151422400499825,0.40600317894611304,23.768430894689004,0.2984781205330943,119.802282295757,1.1120316542777875,-43.43481372094884,0.7220159168266477,21.24040117283683,0.29856824429596457,9.120476979373642
3458326324078324992,89.78158580670085,0.32735658178271576,39.7846760588083,0.3190643566567222,-9.24521237214649,1.0460712275056627,-47.39521903213817,1.017561450494389,21.249905573324327,0.24656700875923127,9.454375858405616
3284145127978714880,66.48931165450617,0.2608102410836537,5.150164641809329,0.15104556261624524,95.93120725155177,0.043281451769247456,4.676072571977661,0.0315973259251928,21.27262960922736,0.32815764708474665,7.184680894168263
65360674871862656,59.120501608304934,0.21533425328486056,22.673433735480113,0.08470294409800089,176.72337833295413,0.08118695406940547,-231.47129315372808,0.03636054364958703,21.277144056357876,0.24543035686362352,7.627298040138829
3312644881687518976,68.24814843040737,0.25541149437469707,15.818861952443418,0.20227110211850685,100.07945546047081,0.6713528213417836,-25.130750952252725,0.40132968079541353,21.278640508766358,0.24391702481505662,8.407475264069024
47620260916592384,64.50815247322608,0.8018199470968588,18.25667438794362,0.3636700797010479,113.15726722810874,0.05625606585639797,-31.2974818832853,0.03313047516573757,21.28548504771379,0.47131754820670213,7.3131003527402605
46975431705914112,62.67704552404234,0.323791471305405,18.423125275304447,0.1669831058154071,121.50192175021792,0.033874156392036045,-30.924596009740256,0.02164630413379015,21.31405516327457,0.35325243173475734,6.4770873341307365
45367052352895360,61.567713765573686,0.22612259591987943,15.69803842299654,0.10901047809159779,118.93398072592656,0.12337122392307973,-19.61680492427641,0.06771728013352461,21.341966648153992,0.2353954721888282,7.666165075278755
151222018921543424,67.16626880331582,0.6263481309764483,26.219925854362614,0.4475117003187037,69.9868095669302,0.14646356457228618,-36.546018960876566,0.09500506393987355,21.35311519927199,0.770039821495002,10.231417779232183
10608569223157760,49.38729357258677,0.19631366245973192,7.690128094748176,0.1737853060801005,168.89685942377577,0.10850004951598177,-6.37387786808098,0.06784477648402648,21.360152600355804,0.24445429707791133,7.567374016338977
3220137745763667456,82.02666396219608,0.18772258804349332,-1.6698297858061277,0.22621361657905806,-27.662330088435503,0.33533987581112296,-62.07001776622491,0.3579441724557614,21.37885534864088,0.2564774548946816,7.147990965415829
45789299177700352,64.41276523564528,0.25654158223609225,16.947731169927582,0.11799771268235544,115.39520739296054,0.08994391352651773,-27.235017425992673,0.059017459625032145,21.394769481045067,0.2680858050160695,8.046555588135998
3309006597711379328,71.62698443129749,0.2156916102168482,15.471938667613827,0.2016497856237296,86.71559315587012,0.0782979564328199,-25.981756890682224,0.057223426726523995,21.402843691690947,0.2668479451176399,8.081517026531856
3307504218151520256,68.10733969260235,0.214277330985547,13.11315576161937,0.10876331901725507,104.59402450314914,0.22820759019970543,-18.434189197599252,0.13245044831373834,21.415918670176875,0.23923266373621543,10.382303682573246
102082473453701120,39.24125157786852,0.48925778813425186,24.64801207139847,0.449881511602601,147.2364723582332,0.03812298565130628,-12.377513337839456,0.031176703880008486,21.42311025115273,0.5970492514175466,6.937854841816794
3249297378246966656,53.019476776875365,0.4011302653478708,-2.9959027295123866,0.25420390847284113,-109.84921806762242,0.6225405963518491,-9.878689173145583,1.109718422431314,21.45947242608294,0.4636319715054289,10.03542223720839
145293177350363264,66.57753999426075,0.5265766523988346,21.470272774611995,0.27722115767795996,103.53664848634659,0.05866796474694098,-37.868675890001334,0.03748149831551764,21.461102450225553,0.4384508719043661,7.200917457114915
3250796562351276544,54.47710631778141,0.18726952535767818,-2.5115652854322983,0.07911490514446758,113.01907882454616,0.1425240455386994,21.392816715012284,0.10334140846889221,21.490213854053,0.27088202680537343,9.278051050956059
3314212063714381056,67.37692584099567,0.28246300260571505,17.863031679935503,0.15143806159674095,106.09156029853514,0.054689909214697935,-31.967354136597933,0.032959386685368575,21.493636288266874,0.32586412700287326,6.763715267080304
62670994552142336,51.70972806326024,0.2425844761030985,23.258137491382538,0.14484682818977498,-39.49907415388743,1.7145462776847653,-75.27338912121463,0.9830709937191372,21.527812571386388,0.24238097151193666,9.461640170977525
3236763048771338752,82.19691054732526,0.266254200573621,4.797144179595653,0.2647464080469097,42.96224850127621,0.8474120009427829,297.8100411953462,0.8058013425541983,21.542973590335794,0.23868290076998805,8.834053783385208
3338997323547867008,82.25931368707997,0.27602277476156245,10.248984583441478,0.26334253807156205,113.29289300442187,0.24051843456871297,-73.98527143705604,0.1185915264293441,21.55828887777098,0.3244167065108144,10.284742921816628
9877806305711744,51.119096466174184,0.1695312678587927,6.984889538774744,0.20621991569128909,-28.703302805302528,0.13706375249103891,-30.49416070157925,0.10331011414594002,21.559849288213996,0.29667503889054814,9.818322709212715
3311148824319241472,65.88519257286399,0.18298478289678796,14.670403556661467,0.11731968263585665,109.26729280265567,0.15790556767024064,-17.964263945996073,0.11368646812595477,21.566241272541085,0.2436568794553544,8.813560371462604
3332911492327546368,85.00742027307332,0.16192912928090344,6.059546073662654,0.22043968649603374,52.380678537708704,0.0922127691773686,-247.15842544335928,0.06499065251380041,21.579388777942743,0.27704155589672796,8.406487365859274
10584895361388800,49.36064229715664,0.2766287792850407,7.655784772291183,0.1789084413241924,166.44064564602843,0.0672061870581675,-6.2611876268995905,0.04408899631877371,21.601923338623777,0.2691044326312918,7.224388638611526
3306922954457367936,66.94244576243062,0.24346242107219646,11.7363672504647,0.2508524180158641,110.01262418113245,0.07576034287033973,-12.471181174317085,0.04172668641215017,21.63539868597916,0.24568998849830004,7.3305385375934335
3314109912215994112,67.20171765278496,0.2181813454084904,17.28534991317966,0.13576339646001387,108.69976022151363,0.06540929782609307,-28.414996894068167,0.03799304472190177,21.637134549684852,0.2774179774263922,7.671115336398749
170564215161095296,60.22888085881486,1.2606402407239647,33.95406759610606,0.2792846959711246,292.72524935238084,3.4861498732156475,-230.68125923855274,0.6394127944667202,21.646159198882593,0.8711351394394928,11.386375499299294
64266763882171648,54.39635265969316,0.2510268313458279,21.343067138164482,0.1579958385164235,140.79722815159894,0.10605673106633569,-26.313640461927918,0.04905670845089943,21.652491446226392,0.3277815762876316,9.020208991298613
135598233568572416,45.263356938109666,0.28695503056112626,32.312869948004966,0.19290049902342335,-47.8237494663101,0.8224252942877558,-124.28942902487405,0.41918092244951893,21.652493032874233,0.2812763395908418,9.040999369823762
3307528029449757056,68.44478209099302,0.32839336350577153,13.251811966615351,0.19359852883097467,102.81642504829954,0.03647090716297836,-17.418052224070053,0.02360766414207476,21.665071760476845,0.4054153107525696,6.488760279505236
144171228809559808,67.8158651303686,0.2123329941550741,20.133005615694547,0.1067329785743637,106.41400064922385,0.12997586662655009,-39.258263636650575,0.07660418422578887,21.70265175932578,0.23383270442062526,8.34109048103593
76117300205326976,36.64090192147954,0.6041867088484947,15.37348191104737,0.6933278968860465,164.50594707329395,0.8074054299330862,5.305035992704287,1.0569156525231211,21.72675052644473,0.6536691204605313,9.214167815223107
49005576847854080,64.7420609597224,0.2536956622340475,19.906549116605213,0.15066484724312257,112.83407102772105,0.11176496032326574,-36.51782331793575,0.06568497704793896,21.736791339500595,0.27884298536811464,8.362616006561591
3312575681175439616,68.64756188507155,0.21833276711192465,15.504511390029077,0.12749043043142932,101.12362120121809,0.10176095149424483,-26.742496616882967,0.055846253447303255,21.744982024695698,0.24068735357362384,7.739355493932212
3314079503847287424,66.07106830311133,0.3274501328150299,18.00279279614519,0.2079210299317736,110.87971689488069,0.11964076034470186,-30.630358547137252,0.07393886731994229,21.755325288499023,0.40942170569127395,9.571210384818578
8367798884020352,44.03143308041767,0.16197751964092155,7.922360951592264,0.4669777517468233,186.20741090635406,0.11162058373726683,-43.927868298875,0.08932892718171592,21.755374288698338,0.7198958881925185,9.532173505289311
3347257335931330304,88.24983224042292,0.1875415897102246,15.171314677199788,0.23477533493290817,177.60258927718274,0.16961906995135137,101.4757893768616,0.10689648462586179,21.767410904363388,0.2689263803396974,9.862986090669327
3310500078099136768,63.71689121261905,0.5641290758812101,13.054861916776494,0.44633135916618977,116.44979529264812,0.15512517893751063,-20.78277450109144,0.11976836046239883,21.77987119741429,0.6145329146317913,10.119122060516892
43802034989955968,57.596193958663385,0.2565573087656674,17.475322310058402,0.0691026533691818,113.38103810958555,0.060715117593442676,-251.20284506328213,0.036124151089117845,21.81411275875001,0.2671892513592683,7.29861955237757
3304337452864501120,62.11162313814102,0.24018420881168456,12.19180069547861,0.14635057793357326,119.3477670439743,0.17173429867125745,-10.866532968769972,0.13397697556696428,21.816950365706475,0.27791346194698263,10.58860189602343
170457596891797760,60.28188234326814,0.3844482619875694,33.1958113575575,0.1776584893942914,132.02568006560972,0.7854367176326799,-74.19468827751925,0.4130357098908421,21.817117978178114,0.31091677935593237,9.393793942617322
38354676428572288,58.75656549278651,0.2252121542178623,12.485543679223301,0.10923245977045383,131.22188927065616,0.16714110929893694,-10.25424378924029,0.08124220976504513,21.822410949538025,0.24196057066682922,9.67591918800238
125820585899986816,49.91806094266797,0.3442480600706073,33.5963372912032,0.25819180174190715,402.72536809373725,0.08801198417173721,-556.6490274980548,0.04898159166708527,21.827934545036992,0.4020701759286228,9.340451613083335
3214911354678825984,77.90283811583663,0.20999370271924298,-1.855591577683398,0.1623266439008647,-87.70875287514163,0.15624276514059432,19.050450785378352,0.1229435582950404,21.846628392681776,0.23192001295440637,9.14458321756275
3312136494998639872,63.94335147397481,0.4532245630304078,15.400606633599304,0.38431805367885147,115.63401989272089,0.03244333475368376,-21.515491742795362,0.025582085764836174,21.850539376951048,0.8148860482765392,6.1992101854267005
3455047820925270912,89.2161455311777,0.438492930047458,35.733364191638174,0.428694150714966,85.33565720290568,0.06871833206643609,-1.0169609438671754,0.04740916158385326,21.906921176787904,0.4657120682740184,8.414690060760261
178112637363265536,68.07204022870906,0.35904204888912655,37.043214541999525,0.2516207940996689,29.81996148271102,0.03613178539184987,-7.6593625457863155,0.019022194417456777,21.909391378467255,0.34298312060803854,6.634472098097973
3311000115371733504,65.51514757218808,0.5082075258049764,14.07710940070473,0.32999627564186723,113.75585693247552,0.036650158115598575,-21.381875863753443,0.025835434084562584,21.910977616274636,0.5700395817166509,5.664957716244885
45567507066546048,61.93052740423564,0.21684361231031907,16.518686165923555,0.1222889459140009,122.33209009181626,0.16884918238409044,-24.94698882793528,0.11762038235020685,21.93915011447843,0.24464613132875213,9.512425900207713
3313689417734366720,66.66764143949031,0.45740716513414625,16.74678117336615,0.19778332286161804,108.84520698030155,0.07320353174054274,-28.085316184686885,0.03631579942256427,21.943605729437337,0.47077767218443717,7.916283446646965
3314213025787054592,67.3821646750955,0.20818094658146358,17.893046150933625,0.1093738065058684,107.64226974127675,0.1545329009389915,-32.89045908199239,0.09197618450624756,21.969112967672746,0.23955954052777803,8.669166038999226
3263319003359440896,53.80418804323918,0.17167600910050887,-0.7393990604596181,0.18339179934176023,103.28100864515069,0.08690259172138157,-119.58627077551911,0.05553937490414894,21.98706655044576,0.2563027713076351,8.278101159457886
3312564033223630720,67.9690893486698,0.2372179562955497,15.499380300810547,0.13753340420366303,105.21368454475241,0.3368407598034686,-24.268358131781852,0.16606379812876143,22.02404651217744,0.24951102803317224,10.3812391253796
3241295304419068672,79.42074844530981,0.37851240632719685,7.3527362184493,0.2627564157285293,-0.7229328389628074,0.0505589547529652,-146.86885706789738,0.03192926944257592,22.042987734013895,0.28956433229033857,7.115026970318951
3245657582441858688,61.08487265759177,0.22776598071414172,-4.654346887841933,0.14688381890089328,65.38339304354403,0.08645163016260571,187.50465962682787,0.06240709471911419,22.109647074228224,0.2980594130632986,9.227987727400741
3310073295788841728,70.68191797157304,0.21003276367366572,16.512857044539917,0.12052069015619643,-186.92929951888652,0.2666993896337682,-197.6860097410024,0.19517660628006692,22.117630249578088,0.24408348333636515,10.615707993040163
3313662892016181504,66.1185183774004,0.28669292603340873,16.886061139666936,0.12501827502098586,113.08870282811495,0.08234134921226484,-25.041382644150694,0.04529830990972199,22.128192318856414,0.25835978193725656,7.626810528618726
326940160479255424,36.540542718501634,0.44930447821212466,34.46924146401012,0.24602569748876343,116.03993449218963,0.05590524949362308,-50.80795567960368,0.03719778882308803,22.129614609385623,0.36062956853149614,7.764661502254249
3281064262038614912,71.57869652183426,0.18757961779395063,3.6363921788475935,0.1664092489530079,93.2565900428134,0.18446666124593925,13.290002503224775,0.14058664260948966,22.134861452730487,0.25104730054634034,10.28211612526025
3312197930211158784,63.89088811561303,0.27470132187871976,15.706170508849757,0.14167821753453044,120.51436501190729,0.19493035431601868,-23.19929018541618,0.143423488744783,22.14388045837812,0.30277513296942554,10.320002065192334
220035022864782208,58.05848350950119,0.28901373757472293,36.52114278855631,0.18027184376199729,-58.9135287013701,0.6803655579696234,15.292681226057502,0.511385972379429,22.161775593570194,0.2948269210686253,8.697290395196095
3300934223858467072,63.643594310985804,0.2123426988247258,10.701363747100155,0.1620185360908327,119.57258698481067,0.05747768679345921,-5.5163792884786345,0.045189150706512186,22.183796736853022,0.23867361174367116,6.945276182345079
149005266040519808,63.635188645807155,0.25975644441882595,23.5747434388685,0.11855914751332798,119.82104005672792,0.07664999119448111,-48.30499678322977,0.04908624860836014,22.190752174103473,0.25069071461486925,7.850644897736327
3312281664893305728,64.58081422257624,0.20106401375711266,16.088234273642602,0.1370577357680028,118.86392884570685,0.20690024783825917,-23.421479573881836,0.15324381114587457,22.190950591400256,0.22245984130531557,9.215260977354351
3310201904289553792,64.90436196694193,0.5887847173193386,12.62424888347794,0.44986458105742183,168.7094546786763,0.11175795003208475,-18.148995867223164,0.08256413524554301,22.207644226491595,0.7068115445484872,9.451676154104742
6346037518247936,43.16573095148781,0.2115664212210616,5.716030729199083,0.1440206534883321,-77.7199406696926,0.18218559254581823,-299.52407608561464,0.159506215907506,22.22492726861344,0.22595185782776633,9.866084284573585
225643219361232512,62.06359886580843,0.4032630314269409,37.72668027721124,0.14953876178339,-98.90913251423343,0.02619317958779285,-195.77232659130314,0.012626042748478332,22.26662033305888,0.4769218910867753,5.76492542117607
101489252570841088,37.43072928520455,0.362341788189464,23.132584240419348,0.15463413910365,433.13659702383006,1.1609484174694267,-115.78591131516077,0.39251593437303967,22.272128354588467,0.2994632794240682,10.477937996242916
27998032809719552,45.694820888189895,0.1949214426139632,12.354086834165413,0.1710000877590951,193.4268729447677,0.14810170631527952,14.936963822582532,0.10811041923216921,22.284380967585044,0.2519466076005714,9.743403610402181
3406823240927024256,72.2650661913534,0.22806189183511075,18.641084428174555,0.18389721380264895,87.01876133838036,0.1056062712035655,-38.39840561418357,0.09416546291142155,22.327468861592145,0.26268053228126115,8.695535557055567
67351752990540544,58.171521868568654,0.32152515646126545,25.804222936867426,0.12097983197544765,140.70955415711586,1.1163494753621963,-51.80667846000982,0.5513715285223835,22.351549481198514,0.25551110951443146,10.456693687644039
45159897490770816,61.755645171544856,0.2445489490517749,15.334947004992165,0.16261764863827943,124.58982195651919,0.15247031586567117,-19.83597231416278,0.10502624743066413,22.370743771609547,0.2792157207568203,9.9537628946873
3312951748510907648,67.49099771266026,0.22118710019921806,16.67272265178268,0.14127292565699046,106.80191403144913,0.11697686465812299,-28.273942445388805,0.06916602580825013,22.371931512904926,0.25402572405520213,8.785904108822017
3400695868785312000,81.87533508856569,0.21750468919017105,18.844146540547342,0.1963444516152841,52.95569331631651,0.20806248682785575,-345.90837724723224,0.1374042495340286,22.380627606234185,0.221617279858033,9.239390666258192
31776470158327296,42.85672121249548,0.2854647996459559,13.386723577423952,0.19830919041389083,14.995921822438905,0.9034267869813528,-30.81313231873271,0.5711663734834312,22.38419301143597,0.27831734115342016,10.317746557375024
145227756404213632,68.82174010399197,0.26517008461030445,23.04490104476882,0.15659398979554742,-12.11423699606523,0.1055477185573141,-65.59693307858029,0.07158171868070065,22.3917701736345,0.24767894448407043,8.634778489381826
127773730867809536,37.80513829497113,0.8233761764812044,28.234571885497658,0.27912652422189965,-95.14347652345143,2.5314122994547104,-70.86148880769255,0.7671018912604152,22.42976248689385,0.6766465543298787,10.10852421327041
129321156045111040,42.76847575443822,0.19677214872773124,30.286602798833222,0.15496439771511897,128.38046354137109,0.07605052060520566,-32.932291356158345,0.046958904293887126,22.461458489701506,0.2261242320204491,7.370705050602663
3301771020926827904,60.74832358872209,0.5647021789030905,9.207790746282946,0.19830304250110492,89.85272884856977,0.03652766543252395,-165.79979706061098,0.01561198722061411,22.52381710131153,0.5455514085301447,6.757681701940644
3341972670732496640,89.20169172622087,0.1721137706613435,10.478381158076209,0.22908014886055805,95.19715631452367,0.1730048626431349,-209.84648058937498,0.12194997808775872,22.55047299751257,0.25787828268860397,9.42912744109994
3250458050208737536,57.56778190604676,0.2264833876811602,-1.5224703743312056,0.16688823459318747,103.13588779656394,0.047148577990184105,24.990300861488407,0.036435095960743326,22.55764071359853,0.3427970902464274,6.37733446432976
3258132916248784640,58.594393658697925,0.20677471338731798,1.2611326184360543,0.1226041138988201,21.176943777816106,0.06764767087339464,-116.92585867066374,0.04789785497494288,22.566262111523635,0.24287003774514715,7.782374504295316
45142202225515008,61.925484387254194,0.5951878921318366,15.162692483725175,0.36244869552978093,128.0539408504342,0.041325387487598245,-22.811694422708925,0.03291302986813401,22.568808438008844,0.6763899058732672,5.966167716220653
26147863977319552,38.51595041527057,0.21616348206081698,12.18071265359742,0.18746833560061216,183.28359122541136,0.06690626381225993,-35.61157226300803,0.045497901253040755,22.586732649336437,0.24049821732597673,7.29946672954242
11210414398377216,50.155397567418326,0.378595942378197,9.033290424526056,0.5459713712544276,288.363232206284,0.06714769144719436,-62.61757245881067,0.05111958253092796,22.5874639239218,0.5299353719236544,8.254462236228182
221110585754958080,53.74953649474217,1.2032917202075906,34.6102748424217,0.5518688467177096,200.14617207287728,0.14753703970071896,-169.61729630928122,0.09001546119283456,22.595809670058003,0.8989615158419269,10.177675494667376
3409686266126557312,70.7564104138149,0.4995783272844208,18.711249907061255,0.3663766993269668,102.18592073499276,0.1584374570158811,-94.18731335685155,0.09235784481001189,22.61421054864301,0.490221064797892,9.39360879113957
3446387070908512512,80.18543428590256,0.3877347073927392,28.893229214302334,0.47064196524222823,-28.994138627487956,0.5713196941930503,9.521793683055389,0.6200045652216495,22.62479127319345,0.5370714945440596,8.238806781640651
156205727173762048,77.76955162890911,0.3861217898758346,30.30253576739018,0.3319869209806189,-58.65329893376312,0.5672967506116691,22.855183287408057,0.5988978276936543,22.641462713421397,0.26972893101362944,8.274792806003259
148183862135533952,70.03890616803506,0.5698117255760264,25.592136175892247,0.3681056385851667,102.33030092932542,2.0313670011231175,-63.185060169043055,1.3785685881414695,22.67870755446372,0.335809115546008,9.977649512904577
3251527016029341568,56.6384479518118,0.417642311303466,-0.384302744053283,0.24553710516303037,-79.56357001250075,1.8291485992344352,1.1840992404838382,1.0964872233119665,22.716251212963176,0.2788464653456518,10.817923265488949
3241699821618398592,77.44152841261737,0.22985641769132475,7.181652401363827,0.20570917890621193,51.33405673620436,0.07522162520506474,14.942570912076246,0.04136022046520453,22.726521169183933,0.25409271668115646,7.257505122932532
3290909186076610944,77.87368306280044,0.43257713372178386,10.120113653612417,0.38030903599836585,-48.2267036985955,0.2372699564800634,-217.0736998093823,0.162705185049256,22.77969164494647,0.515838341651628,11.003697265757504
3419703469890609664,74.27668642466716,0.7526953206145338,24.75211402359553,0.5332501202576965,-21.197033820654337,0.08735768413547933,-14.94036211814115,0.06079448873623699,22.782703107044412,0.7187696714923771,8.378134923122744
3393974519843863808,78.19996528059764,0.20721638119492772,16.30596662298008,0.17378417356496187,32.50562474575301,0.26790830701078766,-263.26122556592975,0.17035558297714556,22.874203796858684,0.22095710909534552,10.058548829724192
218231514558494080,55.02961273526406,1.121947660955614,34.11650024433989,0.477662669205894,-69.82775037095638,0.06188100618438823,6.125079009499156,0.039473652286602684,22.895978119273558,0.7333245633652279,7.291736160523225
47752477189229184,65.10510793050842,0.74089346402027,18.742499843360264,0.39156856829587844,113.6953417718778,0.04043895975975717,-34.214108716949966,0.024139053966665967,22.914261392283017,0.6960547723061815,5.99606483812002
3304340751399786752,62.591217603026415,0.29114549501589715,12.077979623305616,0.1795691569973184,168.15272744765286,0.07933180852051715,88.03070639329574,0.06968079333482281,22.973800736469187,0.3181363169651141,7.860560977760652
3285426608781249408,68.02050517240042,0.3518085957083017,5.410073615063923,0.22525586131245576,112.58691417350056,0.03656084443289354,8.060531559027822,0.021583248525997814,22.98387772937506,0.4089453829783461,6.2524059899108515
144377799556207488,68.40540280998427,0.24609057381758478,21.15065819314812,0.1373149717506582,108.32350801813149,0.14346898161537175,-46.2556747134908,0.09568523255350235,22.989632037786983,0.2709115677817476,10.110264961764237
146677874804442240,69.71419532493726,0.3396455022483012,23.149747461356597,0.2270625122120636,105.49342029516134,0.05650353959631985,-54.19273441394717,0.03357100677386444,22.995032678476505,0.2910624334905167,7.343055815318618
130173896032496128,42.183258896841814,0.4367884885864378,31.11447923636273,0.4015994625972374,218.91181863196869,0.0404319300693552,-171.94163495169116,0.026916290003726577,23.037464209813102,0.5145715107772167,6.525258135878062
60460460784273024,48.25850277443162,0.15700009225101852,20.72964934975212,0.24477862168839798,-46.34983934538315,0.09071762922739227,-63.260046596388236,0.051106880763693054,23.086485361157795,0.36260660417509943,8.422301724044686
21297712028965248,44.252376811396765,0.210851406551668,10.16172604623921,0.2001423398338446,-61.17742715152219,0.07234064528612807,-75.58193234686557,0.04234778564951809,23.11289990525351,0.262467522137025,8.27023844917614
3254366298652264832,64.12575079270671,0.18746849728897,-0.5735205387076321,0.09788575622436231,-61.13334180056705,0.08599049884261586,-172.09455678122046,0.07224473784992172,23.120934573981785,0.21954897296086737,7.854371660258938
153688738899158528,74.5789424532518,0.3262828390718657,26.09483814538363,0.23166641946742764,89.63255354202154,0.9178306768739583,101.205287388236,0.6796705736222126,23.140144459449733,0.23810815294000148,8.276898152614091
172846320263625600,67.42073908844942,0.6032521299904592,33.149201638815846,0.4628187727629454,-24.009888260382148,1.3239923952564712,3.2996179444078813,1.4115988920723501,23.190059974142393,0.4468457775446186,9.411993000413073
3391728561185367168,75.40051556488665,0.5414780054871244,13.932918781664366,0.37035015246213565,85.6648160855782,1.9866767513253407,-21.62137499290006,1.3498904460509977,23.224528909024862,0.2870892271449318,10.612110399910561
3310820620098473728,65.97721529203606,0.21614281438801675,14.052024950181032,0.13902704328866944,115.59810384472564,0.2712951951384863,-18.93609930450934,0.1830450005511994,23.24460364198424,0.24200885939715566,10.251978262001698
3267965986174672256,52.26820942410847,0.2265895253352108,1.6688510595323642,0.21350513236358473,320.59295151842446,0.2131641814651394,18.641476782321675,0.12524709930604874,23.27927780087271,0.31720503751633045,10.974947205948203
177349163977574272,64.62238759146,0.23215339105772326,35.99025743702747,0.17385891185006472,-142.22538056423912,0.11259949108990013,-343.5407365521678,0.08198628950342851,23.319478813222037,0.2604958212880797,8.118565581420246
219715717817117568,58.178188391800596,0.3107557016071015,35.37002961322552,0.15179410932297951,57.67654253626159,0.8200441151570494,4.24650092284743,0.47837907459295576,23.32356859234583,0.255910903497081,9.859321041294892
145373372976256512,66.06125039437644,0.2991548529548705,21.736055070667135,0.14883984261061292,117.37276781629954,0.05413555073609441,-45.79646230161957,0.031636617354660716,23.359782558379816,0.3210614543375885,6.968958886668002
89278729271146880,37.851359068853995,3.0393980188423555,22.08773013482557,1.2477527603074487,146.05921658391145,0.13107347639037903,62.09992316218003,0.07327581740246666,23.365863187839942,0.4237739143153935,7.8317108232896295
3294091275803833984,70.88267373991985,0.2528494089622365,11.166795070017093,0.1377249460353295,97.85716415856363,0.11645435734587094,21.563644083716255,0.07208644350293701,23.377859334708777,0.31476384313280265,9.777039458346577
3307992332594320640,69.96282379659395,0.17794501854297212,12.728410982791733,0.12346653951103097,102.58702546222776,0.17178561691192717,-16.164530838816997,0.11654478500733528,23.39541661706997,0.23551624233201682,9.577285658067192
64115581036258176,57.515124492731694,0.37786773561656645,22.59137715638337,0.09845252536102334,155.29283532605052,0.04527709467540016,-62.55953124591274,0.025815438707704717,23.4442209636813,0.33284948342776804,7.13277763801403
144534720481849856,66.69893466374359,0.22702188474388163,21.23472917969993,0.48468729859953763,113.88589173119604,1.0646620698412823,-45.787447467891774,0.7775464568954114,23.444861358726516,0.4227343501524553,10.559956563674291
3433218838619177600,93.84709937805434,0.9986697902321183,27.491954731454957,1.0373491967670734,13.642788859191016,3.3127580308293556,-69.80826928174555,3.317614066609122,23.4609909068269,0.25481933171161764,10.015290653014954
3264445830979263872,52.309568032565245,0.18982154155571485,0.41659688674646356,0.15086984069853182,52.268974247558,0.8683100917445984,98.73249450834847,0.5414606939229808,23.47207893349997,0.24658154376846741,8.845830970168823
